<?xml version="1.0" encoding="utf-8"?>
<COLLADA xmlns="http://www.collada.org/2005/11/COLLADASchema" version="1.4.1" xmlns:xsi="http://www.w3.org/2001/XMLSchema-instance">
  <asset>
    <contributor>
      <author>Blender User</author>
      <authoring_tool>Blender 3.0.1</authoring_tool>
    </contributor>
    <created>2025-08-27T19:23:43</created>
    <modified>2025-08-27T19:23:43</modified>
    <unit name="meter" meter="1"/>
    <up_axis>Z_UP</up_axis>
  </asset>
  <library_cameras>
    <camera id="Camera_001-camera" name="Camera.001">
      <optics>
        <technique_common>
          <perspective>
            <xfov sid="xfov">49.13434</xfov>
            <aspect_ratio>1.777778</aspect_ratio>
            <znear sid="znear">0.1</znear>
            <zfar sid="zfar">100</zfar>
          </perspective>
        </technique_common>
      </optics>
      <extra>
        <technique profile="blender">
          <shiftx sid="shiftx" type="float">0</shiftx>
          <shifty sid="shifty" type="float">0</shifty>
          <dof_distance sid="dof_distance" type="float">10</dof_distance>
        </technique>
      </extra>
    </camera>
    <camera id="Camera-camera" name="Camera">
      <optics>
        <technique_common>
          <perspective>
            <xfov sid="xfov">39.59775</xfov>
            <aspect_ratio>1.777778</aspect_ratio>
            <znear sid="znear">0.1</znear>
            <zfar sid="zfar">100</zfar>
          </perspective>
        </technique_common>
      </optics>
      <extra>
        <technique profile="blender">
          <shiftx sid="shiftx" type="float">0</shiftx>
          <shifty sid="shifty" type="float">0</shifty>
          <dof_distance sid="dof_distance" type="float">10</dof_distance>
        </technique>
      </extra>
    </camera>
  </library_cameras>
  <library_lights>
    <light id="Light-light" name="Light">
      <technique_common>
        <point>
          <color sid="color">1000 1000 1000</color>
          <constant_attenuation>1</constant_attenuation>
          <linear_attenuation>0</linear_attenuation>
          <quadratic_attenuation>0.00111109</quadratic_attenuation>
        </point>
      </technique_common>
      <extra>
        <technique profile="blender">
          <type sid="type" type="int">0</type>
          <flag sid="flag" type="int">0</flag>
          <mode sid="mode" type="int">1</mode>
          <gamma sid="blender_gamma" type="float">1</gamma>
          <red sid="red" type="float">1</red>
          <green sid="green" type="float">1</green>
          <blue sid="blue" type="float">1</blue>
          <shadow_r sid="blender_shadow_r" type="float">0</shadow_r>
          <shadow_g sid="blender_shadow_g" type="float">0</shadow_g>
          <shadow_b sid="blender_shadow_b" type="float">0</shadow_b>
          <energy sid="blender_energy" type="float">1000</energy>
          <dist sid="blender_dist" type="float">29.99998</dist>
          <spotsize sid="spotsize" type="float">75</spotsize>
          <spotblend sid="spotblend" type="float">0.15</spotblend>
          <att1 sid="att1" type="float">0</att1>
          <att2 sid="att2" type="float">1</att2>
          <falloff_type sid="falloff_type" type="int">2</falloff_type>
          <clipsta sid="clipsta" type="float">0.04999995</clipsta>
          <clipend sid="clipend" type="float">30.002</clipend>
          <bias sid="bias" type="float">1</bias>
          <soft sid="soft" type="float">3</soft>
          <bufsize sid="bufsize" type="int">2880</bufsize>
          <samp sid="samp" type="int">3</samp>
          <buffers sid="buffers" type="int">1</buffers>
          <area_shape sid="area_shape" type="int">1</area_shape>
          <area_size sid="area_size" type="float">0.1</area_size>
          <area_sizey sid="area_sizey" type="float">0.1</area_sizey>
          <area_sizez sid="area_sizez" type="float">1</area_sizez>
        </technique>
      </extra>
    </light>
  </library_lights>
  <library_effects>
    <effect id="steel-security-door-exporter-effect">
      <profile_COMMON>
        <technique sid="common">
          <lambert>
            <emission>
              <color sid="emission">0 0 0 1</color>
            </emission>
            <diffuse>
              <color sid="diffuse">0.64 0.64 0.64 1</color>
            </diffuse>
            <index_of_refraction>
              <float sid="ior">1</float>
            </index_of_refraction>
          </lambert>
        </technique>
      </profile_COMMON>
    </effect>
    <effect id="edge_color000255-effect">
      <profile_COMMON>
        <technique sid="common">
          <lambert>
            <emission>
              <color sid="emission">0 0 0 1</color>
            </emission>
            <diffuse>
              <color sid="diffuse">0.64 0.64 0.64 1</color>
            </diffuse>
            <index_of_refraction>
              <float sid="ior">1</float>
            </index_of_refraction>
          </lambert>
        </technique>
      </profile_COMMON>
    </effect>
  </library_effects>
  <library_images/>
  <library_materials>
    <material id="steel-security-door-exporter-material" name="steel-security-door-exporter">
      <instance_effect url="#steel-security-door-exporter-effect"/>
    </material>
    <material id="edge_color000255-material" name="edge_color000255">
      <instance_effect url="#edge_color000255-effect"/>
    </material>
  </library_materials>
  <library_geometries>
    <geometry id="ID136-mesh" name="ID136">
      <mesh>
        <source id="ID136-mesh-positions">
          <float_array id="ID136-mesh-positions-array" count="600">129.6754 280.7856 16.5625 129.6754 280.7856 0 129.6754 0 16.5625 129.6754 0 0 129.6754 280.7856 0 129.6754 0 16.5625 129.6754 0 0 129.6754 280.7856 16.5625 129.6754 0 0 129.6754 280.7856 0 129.6754 280.7856 16.5625 129.6754 0 16.5625 7.375 270.5 0 0 0 0 7.375 0 0 129.6754 0 0 129.6754 280.7856 0 122.3065 0 0 122.3065 270.5 0 0 280.7856 0 0 280.7856 0 7.375 270.5 0 0 0 0 129.6754 280.7856 0 122.3065 270.5 0 122.3065 0 0 129.6754 0 0 7.375 0 0 122.3065 270.5 0 7.375 270.5 0 7.375 0 0 0 0 0 0 280.7856 0 122.3065 0 0 129.6754 280.7856 16.5625 0 280.7856 16.5625 129.6754 280.7856 0 0 280.7856 0 0 280.7856 16.5625 129.6754 280.7856 0 0 280.7856 0 129.6754 280.7856 16.5625 0 280.7856 16.5625 129.6754 0 16.5625 116.9375 267.875 16.5625 129.6754 280.7856 16.5625 12.5 267.875 16.5625 0 280.7856 16.5625 12.5 0 16.5625 0 0 16.5625 116.9375 0 16.5625 129.6754 0 16.5625 116.9375 267.875 16.5625 116.9375 0 16.5625 12.5 0 16.5625 0 280.7856 16.5625 0 0 16.5625 12.5 267.875 16.5625 129.6754 280.7856 16.5625 0 0 16.5625 12.5 0 16.5625 12.5 267.875 16.5625 116.9375 267.875 16.5625 116.9375 0 16.5625 116.9375 0 10.59651 114.9375 0 5.298256 114.9375 0 10.59651 116.9375 0 16.5625 129.6754 0 16.5625 122.3065 0 0 129.6754 0 0 129.6754 0 16.5625 122.3065 0 0 129.6754 0 0 114.9375 0 5.298256 116.9375 0 10.59651 116.9375 0 16.5625 114.9375 0 10.59651 114.9375 0 5.298256 114.9375 0 10.59651 116.9375 0 10.59651 114.9375 265.5 5.298256 122.3065 270.5 0 14.75 265.5 5.298256 7.375 270.5 0 122.3065 270.5 0 14.75 265.5 5.298256 7.375 270.5 0 114.9375 265.5 5.298256 114.9375 265.5 5.298256 14.75 265.5 5.298256 14.75 0 5.298256 14.75 265.5 5.298256 7.375 0 0 7.375 270.5 0 14.75 265.5 5.298256 7.375 0 0 7.375 270.5 0 14.75 0 5.298256 14.75 0 5.298256 12.5 0 16.5625 12.5 0 10.59651 0 0 16.5625 14.75 0 10.59651 14.75 0 5.298256 0 0 0 7.375 0 0 14.75 0 5.298256 0 0 0 7.375 0 0 0 0 16.5625 12.5 0 10.59651 14.75 0 10.59651 12.5 0 16.5625 14.75 0 10.59651 12.5 0 10.59651 0 280.7856 0 0 280.7856 16.5625 0 0 0 0 0 16.5625 0 280.7856 16.5625 0 0 0 0 0 16.5625 0 280.7856 0 122.3065 0 0 122.3065 270.5 0 114.9375 0 5.298256 114.9375 265.5 5.298256 122.3065 270.5 0 114.9375 0 5.298256 114.9375 265.5 5.298256 122.3065 0 0 12.5 267.875 10.59651 12.5 0 10.59651 12.5 267.875 16.5625 12.5 0 16.5625 12.5 0 10.59651 12.5 267.875 16.5625 12.5 0 16.5625 12.5 267.875 10.59651 12.5 267.875 10.59651 12.5 267.875 16.5625 116.9375 267.875 16.5625 12.5 267.875 10.59651 116.9375 267.875 10.59651 116.9375 267.875 16.5625 12.5 267.875 10.59651 116.9375 267.875 10.59651 12.5 267.875 16.5625 116.9375 267.875 10.59651 116.9375 267.875 10.59651 116.9375 267.875 16.5625 116.9375 0 10.59651 116.9375 0 16.5625 116.9375 267.875 16.5625 116.9375 0 10.59651 116.9375 0 16.5625 116.9375 267.875 10.59651 114.9375 265.5 10.59651 114.9375 0 10.59651 114.9375 265.5 5.298256 114.9375 0 5.298256 114.9375 0 10.59651 114.9375 265.5 5.298256 114.9375 0 5.298256 114.9375 265.5 10.59651 114.9375 265.5 10.59651 116.9375 0 10.59651 114.9375 265.5 10.59651 116.9375 267.875 10.59651 14.75 265.5 10.59651 12.5 267.875 10.59651 14.75 0 10.59651 12.5 0 10.59651 114.9375 0 10.59651 116.9375 0 10.59651 114.9375 265.5 10.59651 114.9375 0 10.59651 14.75 0 10.59651 12.5 267.875 10.59651 12.5 0 10.59651 14.75 265.5 10.59651 116.9375 267.875 10.59651 14.75 265.5 10.59651 14.75 265.5 10.59651 114.9375 265.5 10.59651 14.75 265.5 5.298256 114.9375 265.5 5.298256 114.9375 265.5 10.59651 14.75 265.5 5.298256 114.9375 265.5 5.298256 14.75 265.5 10.59651 14.75 265.5 10.59651 14.75 265.5 5.298256 14.75 0 10.59651 14.75 0 5.298256 14.75 265.5 5.298256 14.75 0 10.59651 14.75 0 5.298256 14.75 265.5 10.59651</float_array>
          <technique_common>
            <accessor source="#ID136-mesh-positions-array" count="200" stride="3">
              <param name="X" type="float"/>
              <param name="Y" type="float"/>
              <param name="Z" type="float"/>
            </accessor>
          </technique_common>
        </source>
        <source id="ID136-mesh-normals">
          <float_array id="ID136-mesh-normals-array" count="45">-1 0 0 0 0 -1 0 0 1 0 -1 0 0 1 0 0 -0.7272809 -0.6863399 0 -0.7272816 -0.6863392 0 -0.7272815 -0.6863394 0 -0.7272813 -0.6863396 -0.5834527 0 0.8121472 1 0 0 -0.5837661 0 -0.8119219 -0.5837661 0 -0.811922 -0.5837661 0 -0.811922 1.35286e-7 0 -1</float_array>
          <technique_common>
            <accessor source="#ID136-mesh-normals-array" count="15" stride="3">
              <param name="X" type="float"/>
              <param name="Y" type="float"/>
              <param name="Z" type="float"/>
            </accessor>
          </technique_common>
        </source>
        <source id="ID136-mesh-map-0">
          <float_array id="ID136-mesh-map-0-array" count="624">0.9753797 0.9934798 0.9753797 0.9934798 0.9753797 0.004798233 0.9753797 0.004798233 0.9753797 0.004798233 0.9753797 0.9934798 0.9753797 0.9934798 0.9753797 0.004798233 0.9753797 0.004798233 0.9753797 0.004798233 0.9753797 0.9934798 0.9753797 0.9934798 0.07185041 0.9572631 0.07185041 0.004798233 0.01736551 0.004798233 0.9753797 0.004798233 0.9209393 0.004798233 0.9753797 0.9934798 0.9209393 0.004798233 0.9209393 0.9572631 0.9753797 0.9934798 0.9209393 0.9572631 0.07185041 0.9572631 0.9753797 0.9934798 0.9753797 0.9934798 0.07185041 0.9572631 0.01736551 0.9934798 0.01736551 0.004798233 0.01736551 0.9934798 0.07185041 0.9572631 0.01736551 0.9934798 0.01736551 0.004798233 0.07185041 0.9572631 0.07185041 0.9572631 0.9753797 0.9934798 0.01736551 0.9934798 0.07185041 0.9572631 0.9209393 0.9572631 0.9753797 0.9934798 0.9209393 0.9572631 0.9209393 0.004798233 0.9753797 0.9934798 0.9209393 0.004798233 0.9753797 0.004798233 0.9753797 0.9934798 0.07185041 0.004798233 0.07185041 0.9572631 0.01736551 0.004798233 0.9753797 0.9934798 0.01736551 0.9934798 0.9753797 0.9934798 0.01736551 0.9934798 0.9753797 0.9934798 0.01736551 0.9934798 0.01736551 0.9934798 0.01736551 0.9934798 0.9753797 0.9934798 0.9753797 0.9934798 0.9753797 0.9934798 0.01736551 0.9934798 0.9753797 0.004798233 0.8812746 0.9480201 0.9753797 0.9934798 0.8812746 0.9480201 0.1097128 0.9480201 0.9753797 0.9934798 0.9753797 0.9934798 0.1097128 0.9480201 0.01736551 0.9934798 0.1097128 0.9480201 0.1097128 0.004798233 0.01736551 0.9934798 0.01736551 0.004798233 0.01736551 0.9934798 0.1097128 0.004798233 0.8812746 0.004798233 0.8812746 0.9480201 0.9753797 0.004798233 0.9753797 0.004798233 0.8812746 0.004798233 0.8812746 0.9480201 0.1097128 0.004798233 0.01736551 0.004798233 0.01736551 0.9934798 0.01736551 0.9934798 0.1097128 0.9480201 0.1097128 0.004798233 0.01736551 0.9934798 0.9753797 0.9934798 0.1097128 0.9480201 0.9753797 0.9934798 0.8812746 0.9480201 0.1097128 0.9480201 0.9753797 0.9934798 0.9753797 0.004798233 0.8812746 0.9480201 0.8812746 0.004798233 0.866499 0.004798233 0.866499 0.004798233 0.8812746 0.004798233 0.8812746 0.004798233 0.9753797 0.004798233 0.8812746 0.004798233 0.866499 0.004798233 0.9753797 0.004798233 0.866499 0.004798233 0.9209393 0.004798233 0.9753797 0.004798233 0.9753797 0.004798233 0.9753797 0.004798233 0.9209393 0.004798233 0.9753797 0.004798233 0.9753797 0.004798233 0.9209393 0.004798233 0.9209393 0.004798233 0.866499 0.004798233 0.9753797 0.004798233 0.866499 0.004798233 0.8812746 0.004798233 0.9753797 0.004798233 0.8812746 0.004798233 0.8812746 0.004798233 0.9753797 0.004798233 0.866499 0.004798233 0.8812746 0.004798233 0.866499 0.004798233 0.866499 0.9480201 0.1263353 0.9480201 0.9209393 0.9656257 0.07185041 0.9656257 0.9209393 0.9656257 0.1263353 0.9480201 0.9209393 0.9656257 0.1263353 0.9480201 0.07185041 0.9656257 0.1263353 0.9480201 0.9209393 0.9656257 0.866499 0.9480201 0.1263353 0.004798233 0.1263353 0.9396574 0.07185041 0.004798233 0.07185041 0.9572631 0.07185041 0.004798233 0.1263353 0.9396574 0.1263353 0.9396574 0.07185041 0.9572631 0.07185041 0.004798233 0.07185041 0.004798233 0.1263353 0.004798233 0.1263353 0.9396574 0.1097128 0.004798233 0.01736551 0.004798233 0.1097128 0.004798233 0.1263353 0.004798233 0.1097128 0.004798233 0.1263353 0.004798233 0.1097128 0.004798233 0.01736551 0.004798233 0.1263353 0.004798233 0.01736551 0.004798233 0.01736551 0.004798233 0.1263353 0.004798233 0.07185041 0.004798233 0.1263353 0.004798233 0.01736551 0.004798233 0.1263353 0.004798233 0.07185041 0.004798233 0.01736551 0.004798233 0.01736551 0.004798233 0.01736551 0.004798233 0.1263353 0.004798233 0.01736551 0.004798233 0.1097128 0.004798233 0.1263353 0.004798233 0.1097128 0.004798233 0.1263353 0.004798233 0.1263353 0.004798233 0.01736551 0.004798233 0.1097128 0.004798233 0.1097128 0.004798233 0.01736551 0.9934798 0.01736551 0.004798233 0.01736551 0.9934798 0.01736551 0.004798233 0.01736551 0.9934798 0.01736551 0.004798233 0.01736551 0.9934798 0.01736551 0.004798233 0.01736551 0.004798233 0.01736551 0.004798233 0.01736551 0.9934798 0.01736551 0.9934798 0.9209393 0.004798233 0.866499 0.004798233 0.9209393 0.9572631 0.866499 0.9396574 0.9209393 0.9572631 0.866499 0.004798233 0.9209393 0.9572631 0.866499 0.004798233 0.866499 0.9396574 0.866499 0.004798233 0.9209393 0.9572631 0.9209393 0.004798233 0.1097128 0.9480201 0.1097128 0.004798233 0.1097128 0.9480201 0.1097128 0.004798233 0.1097128 0.9480201 0.1097128 0.004798233 0.1097128 0.004798233 0.1097128 0.004798233 0.1097128 0.9480201 0.1097128 0.9480201 0.1097128 0.9480201 0.1097128 0.004798233 0.1097128 0.9480201 0.1097128 0.9480201 0.8812746 0.9480201 0.8812746 0.9480201 0.8812746 0.9480201 0.1097128 0.9480201 0.8812746 0.9480201 0.1097128 0.9480201 0.8812746 0.9480201 0.1097128 0.9480201 0.8812746 0.9480201 0.1097128 0.9480201 0.8812746 0.9480201 0.8812746 0.004798233 0.8812746 0.9480201 0.8812746 0.004798233 0.8812746 0.9480201 0.8812746 0.004798233 0.8812746 0.9480201 0.8812746 0.004798233 0.8812746 0.004798233 0.8812746 0.004798233 0.8812746 0.9480201 0.8812746 0.9480201 0.8812746 0.9396574 0.8812746 0.9396574 0.8812746 0.004798233 0.8812746 0.004798233 0.8812746 0.004798233 0.8812746 0.9396574 0.8812746 0.004798233 0.8812746 0.9396574 0.8812746 0.004798233 0.8812746 0.9396574 0.8812746 0.004798233 0.8812746 0.9396574 0.8812746 0.004798233 0.866499 0.9396574 0.8812746 0.9480201 0.866499 0.9396574 0.1263353 0.9396574 0.8812746 0.9480201 0.8812746 0.9480201 0.1263353 0.9396574 0.1097128 0.9480201 0.1263353 0.9396574 0.1263353 0.004798233 0.1097128 0.9480201 0.1097128 0.004798233 0.1097128 0.9480201 0.1263353 0.004798233 0.866499 0.004798233 0.866499 0.9396574 0.8812746 0.004798233 0.8812746 0.004798233 0.866499 0.004798233 0.866499 0.9396574 0.1263353 0.004798233 0.1097128 0.004798233 0.1097128 0.9480201 0.1097128 0.9480201 0.1263353 0.9396574 0.1263353 0.004798233 0.1097128 0.9480201 0.8812746 0.9480201 0.1263353 0.9396574 0.8812746 0.9480201 0.866499 0.9396574 0.1263353 0.9396574 0.8812746 0.9480201 0.8812746 0.004798233 0.866499 0.9396574 0.1263353 0.9480201 0.1263353 0.9480201 0.866499 0.9480201 0.866499 0.9480201 0.866499 0.9480201 0.1263353 0.9480201 0.866499 0.9480201 0.1263353 0.9480201 0.866499 0.9480201 0.1263353 0.9480201 0.866499 0.9480201 0.1263353 0.9480201 0.1097128 0.9396574 0.1097128 0.9396574 0.1097128 0.004798233 0.1097128 0.004798233 0.1097128 0.004798233 0.1097128 0.9396574 0.1097128 0.9396574 0.1097128 0.004798233 0.1097128 0.004798233 0.1097128 0.004798233 0.1097128 0.9396574 0.1097128 0.9396574</float_array>
          <technique_common>
            <accessor source="#ID136-mesh-map-0-array" count="312" stride="2">
              <param name="S" type="float"/>
              <param name="T" type="float"/>
            </accessor>
          </technique_common>
        </source>
        <vertices id="ID136-mesh-vertices">
          <input semantic="POSITION" source="#ID136-mesh-positions"/>
        </vertices>
        <lines count="43">
          <input semantic="VERTEX" source="#ID136-mesh-vertices" offset="0"/>
          <p>8 9 9 10 11 10 8 11 28 29 30 29 31 30 32 31 32 9 33 8 33 28 32 42 42 10 42 59 59 60 61 60 62 61 62 63 63 11 78 79 78 33 80 63 80 79 89 28 89 90 29 90 99 90 30 99 99 114 115 114 115 60 31 59 78 89 115 140 140 61 140 149 149 62 149 80 89 166 166 79 114 183 183 166 90 183</p>
        </lines>
        <triangles material="steel-security-door-exporter-material" count="104">
          <input semantic="VERTEX" source="#ID136-mesh-vertices" offset="0"/>
          <input semantic="NORMAL" source="#ID136-mesh-normals" offset="1"/>
          <input semantic="TEXCOORD" source="#ID136-mesh-map-0" offset="2" set="0"/>
          <p>0 0 0 1 0 1 2 0 2 3 0 3 2 0 4 1 0 5 4 0 6 6 0 7 5 0 8 5 0 9 7 0 10 4 0 11 12 1 12 14 1 13 13 1 14 15 1 15 17 1 16 16 1 17 17 1 18 18 1 19 16 1 20 18 1 21 12 1 22 16 1 23 16 1 24 12 1 25 19 1 26 13 1 27 19 1 28 12 1 29 20 2 30 22 2 31 21 2 32 21 2 33 23 2 34 20 2 35 21 2 36 24 2 37 23 2 38 24 2 39 25 2 40 23 2 41 25 2 42 26 2 43 23 2 44 27 2 45 21 2 46 22 2 47 34 3 48 35 3 49 36 3 50 37 3 51 36 3 52 35 3 53 38 3 54 40 3 55 39 3 56 39 3 57 41 3 58 38 3 59 43 1 60 44 1 61 45 1 62 44 1 63 46 1 64 45 1 65 45 1 66 46 1 67 47 1 68 46 1 69 48 1 70 47 1 71 49 1 72 47 1 73 48 1 74 50 1 75 44 1 76 43 1 77 51 1 78 53 1 79 52 1 80 54 1 81 56 1 82 55 1 83 55 1 84 57 1 85 54 1 86 55 1 87 58 1 88 57 1 89 58 1 90 52 1 91 57 1 92 58 1 93 51 1 94 52 1 95 64 3 96 66 3 97 65 3 98 67 3 99 64 3 100 68 3 101 64 3 102 65 3 103 68 3 104 65 3 105 69 3 106 68 3 107 70 3 108 68 3 109 69 3 110 71 4 111 73 4 112 72 4 113 72 4 114 74 4 115 71 4 116 74 4 117 75 4 118 71 4 119 75 4 120 76 4 121 71 4 122 77 4 123 75 4 124 74 4 125 81 5 126 83 5 127 82 5 128 84 6 129 82 6 130 83 6 131 85 7 132 86 7 133 87 7 134 86 8 135 85 8 136 88 8 137 91 9 138 92 9 139 93 9 140 94 9 141 93 9 142 92 9 143 95 9 144 97 9 145 96 9 146 96 9 147 98 9 148 95 9 149 100 3 150 102 3 151 101 3 152 103 3 153 101 3 154 104 3 155 101 3 156 102 3 157 104 3 158 102 3 159 105 3 160 104 3 161 106 3 162 104 3 163 105 3 164 107 4 165 109 4 166 108 4 167 108 4 168 110 4 169 107 4 170 110 4 171 111 4 172 107 4 173 111 4 174 112 4 175 107 4 176 110 4 177 113 4 178 111 4 179 116 0 180 118 0 181 117 0 182 119 0 183 117 0 184 118 0 185 120 10 186 122 10 187 121 10 188 121 10 189 123 10 190 120 10 191 124 11 192 126 11 193 125 11 194 127 12 195 125 12 196 126 12 197 128 13 198 129 13 199 130 13 200 129 11 201 128 11 202 131 11 203 132 0 204 133 0 205 134 0 206 135 0 207 134 0 208 133 0 209 136 0 210 138 0 211 137 0 212 137 0 213 139 0 214 136 0 215 141 3 216 143 3 217 142 3 218 144 3 219 142 3 220 143 3 221 145 3 222 146 3 223 147 3 224 146 3 225 145 3 226 148 3 227 150 0 228 152 0 229 151 0 230 153 0 231 151 0 232 152 0 233 154 0 234 155 0 235 156 0 236 155 0 237 154 0 238 157 0 239 158 0 240 160 0 241 159 0 242 161 0 243 159 0 244 160 0 245 162 0 246 163 0 247 164 0 248 163 0 249 162 0 250 165 0 251 167 14 252 168 14 253 169 14 254 168 1 255 170 1 256 169 1 257 169 1 258 170 1 259 171 1 260 170 1 261 172 1 262 171 1 263 173 1 264 171 1 265 172 1 266 174 1 267 168 1 268 167 1 269 175 1 270 177 1 271 176 1 272 178 1 273 180 1 274 179 1 275 179 1 276 181 1 277 178 1 278 179 1 279 182 1 280 181 1 281 182 1 282 176 1 283 181 1 284 182 1 285 175 1 286 176 1 287 184 3 288 186 3 289 185 3 290 187 3 291 185 3 292 186 3 293 188 3 294 189 3 295 190 3 296 189 3 297 188 3 298 191 3 299 192 0 300 193 0 301 194 0 302 195 0 303 194 0 304 193 0 305 196 0 306 198 0 307 197 0 308 197 0 309 199 0 310 196 0 311</p>
        </triangles>
      </mesh>
    </geometry>
    <geometry id="ID127-mesh" name="ID127">
      <mesh>
        <source id="ID127-mesh-positions">
          <float_array id="ID127-mesh-positions-array" count="189">13.09016 145.9597 13.92737 4.527662 145.9597 13.92737 13.09016 145.9597 11.86487 4.527662 145.9597 11.86487 4.527662 145.9597 13.92737 13.09016 145.9597 11.86487 4.527662 145.9597 11.86487 13.09016 145.9597 13.92737 13.09016 145.9597 11.86487 4.527662 145.9597 11.86487 4.527662 145.9597 13.92737 13.09016 145.9597 13.92737 4.527662 145.9597 11.86487 4.527662 145.9597 13.92737 4.527662 111.4597 11.86487 4.527662 111.4597 13.92737 4.527662 145.9597 13.92737 4.527662 111.4597 11.86487 4.527662 111.4597 13.92737 4.527662 145.9597 11.86487 4.527662 111.4597 11.86487 4.527662 111.4597 13.92737 13.09016 111.4597 13.92737 10.40266 135.838 13.92737 13.09016 145.9597 13.92737 7.715162 135.838 13.92737 7.715162 133.963 13.92737 4.527662 145.9597 13.92737 10.40266 134.713 13.92737 10.40266 133.963 13.92737 4.527662 111.4597 13.92737 13.09016 111.4597 13.92737 4.527662 145.9597 13.92737 4.527662 111.4597 13.92737 7.715162 133.963 13.92737 10.40266 133.963 13.92737 10.40266 134.713 13.92737 10.40266 135.838 13.92737 7.715162 135.838 13.92737 13.09016 145.9597 13.92737 13.09016 111.4597 13.92737 10.40266 135.838 13.92737 7.715162 135.838 13.92737 10.40266 134.713 13.92737 10.40266 133.963 13.92737 7.715162 133.963 13.92737 13.09016 145.9597 13.92737 13.09016 145.9597 11.86487 13.09016 111.4597 13.92737 13.09016 111.4597 11.86487 13.09016 145.9597 11.86487 13.09016 111.4597 13.92737 13.09016 111.4597 11.86487 13.09016 145.9597 13.92737 13.09016 111.4597 11.86487 4.527662 111.4597 13.92737 13.09016 111.4597 13.92737 4.527662 111.4597 11.86487 13.09016 111.4597 11.86487 13.09016 111.4597 13.92737 4.527662 111.4597 11.86487 13.09016 111.4597 11.86487 4.527662 111.4597 13.92737</float_array>
          <technique_common>
            <accessor source="#ID127-mesh-positions-array" count="63" stride="3">
              <param name="X" type="float"/>
              <param name="Y" type="float"/>
              <param name="Z" type="float"/>
            </accessor>
          </technique_common>
        </source>
        <source id="ID127-mesh-normals">
          <float_array id="ID127-mesh-normals-array" count="18">0 -1 0 0 1 0 1 0 0 -1 0 0 0 0 -1 0 0 1</float_array>
          <technique_common>
            <accessor source="#ID127-mesh-normals-array" count="6" stride="3">
              <param name="X" type="float"/>
              <param name="Y" type="float"/>
              <param name="Z" type="float"/>
            </accessor>
          </technique_common>
        </source>
        <source id="ID127-mesh-map-0">
          <float_array id="ID127-mesh-map-0-array" count="204">0.2064201 0.5354662 0.1431622 0.5354662 0.2064201 0.5354662 0.1431622 0.5354662 0.2064201 0.5354662 0.1431622 0.5354662 0.1431622 0.5354662 0.2064201 0.5354662 0.1431622 0.5354662 0.2064201 0.5354662 0.1431622 0.5354662 0.2064201 0.5354662 0.1431622 0.5354662 0.1431622 0.5354662 0.1431622 0.4139873 0.1431622 0.4139873 0.1431622 0.4139873 0.1431622 0.5354662 0.1431622 0.5354662 0.1431622 0.4139873 0.1431622 0.4139873 0.1431622 0.4139873 0.1431622 0.5354662 0.1431622 0.5354662 0.2064201 0.4139873 0.1865655 0.4998265 0.2064201 0.5354662 0.1865655 0.4998265 0.1667107 0.4998265 0.2064201 0.5354662 0.1667107 0.4932244 0.1431622 0.5354662 0.1667107 0.4998265 0.2064201 0.5354662 0.1667107 0.4998265 0.1431622 0.5354662 0.1865655 0.4998265 0.2064201 0.4139873 0.1865655 0.4958652 0.1865655 0.4958652 0.2064201 0.4139873 0.1865655 0.4932244 0.1865655 0.4932244 0.2064201 0.4139873 0.1667107 0.4932244 0.1667107 0.4932244 0.2064201 0.4139873 0.1431622 0.5354662 0.1431622 0.4139873 0.1431622 0.5354662 0.2064201 0.4139873 0.2064201 0.4139873 0.1431622 0.5354662 0.1431622 0.4139873 0.1431622 0.5354662 0.2064201 0.4139873 0.1667107 0.4932244 0.1667107 0.4932244 0.2064201 0.4139873 0.1865655 0.4932244 0.1865655 0.4932244 0.2064201 0.4139873 0.1865655 0.4958652 0.1865655 0.4958652 0.2064201 0.4139873 0.1865655 0.4998265 0.1431622 0.5354662 0.1667107 0.4998265 0.2064201 0.5354662 0.1667107 0.4998265 0.1431622 0.5354662 0.1667107 0.4932244 0.2064201 0.5354662 0.1667107 0.4998265 0.1865655 0.4998265 0.2064201 0.5354662 0.1865655 0.4998265 0.2064201 0.4139873 0.2064201 0.5354662 0.2064201 0.5354662 0.2064201 0.4139873 0.2064201 0.4139873 0.2064201 0.4139873 0.2064201 0.5354662 0.2064201 0.5354662 0.2064201 0.4139873 0.2064201 0.4139873 0.2064201 0.4139873 0.2064201 0.5354662 0.2064201 0.5354662 0.1431622 0.4139873 0.2064201 0.4139873 0.1431622 0.4139873 0.2064201 0.4139873 0.1431622 0.4139873 0.2064201 0.4139873 0.2064201 0.4139873 0.1431622 0.4139873 0.2064201 0.4139873 0.1431622 0.4139873 0.2064201 0.4139873 0.1431622 0.4139873</float_array>
          <technique_common>
            <accessor source="#ID127-mesh-map-0-array" count="102" stride="2">
              <param name="S" type="float"/>
              <param name="T" type="float"/>
            </accessor>
          </technique_common>
        </source>
        <vertices id="ID127-mesh-vertices">
          <input semantic="POSITION" source="#ID127-mesh-positions"/>
        </vertices>
        <triangles material="steel-security-door-exporter-material" count="34">
          <input semantic="VERTEX" source="#ID127-mesh-vertices" offset="0"/>
          <input semantic="NORMAL" source="#ID127-mesh-normals" offset="1"/>
          <input semantic="TEXCOORD" source="#ID127-mesh-map-0" offset="2" set="0"/>
          <p>0 0 0 1 0 1 2 0 2 3 0 3 2 0 4 1 0 5 4 1 6 5 1 7 6 1 8 5 1 9 4 1 10 7 1 11 12 2 12 13 2 13 14 2 14 15 2 15 14 2 16 13 2 17 16 3 18 17 3 19 18 3 20 17 3 21 16 3 22 19 3 23 22 4 24 23 4 25 24 4 26 23 4 27 25 4 28 24 4 29 26 4 30 27 4 31 25 4 32 24 4 33 25 4 34 27 4 35 23 4 36 22 4 37 28 4 38 28 4 39 22 4 40 29 4 41 29 4 42 22 4 43 26 4 44 26 4 45 22 4 46 27 4 47 30 4 48 27 4 49 22 4 50 31 5 51 32 5 52 33 5 53 32 5 54 31 5 55 34 5 56 34 5 57 31 5 58 35 5 59 35 5 60 31 5 61 36 5 62 36 5 63 31 5 64 37 5 65 32 5 66 38 5 67 39 5 68 38 5 69 32 5 70 34 5 71 39 5 72 38 5 73 37 5 74 39 5 75 37 5 76 31 5 77 46 3 78 47 3 79 48 3 80 49 3 81 48 3 82 47 3 83 50 2 84 51 2 85 52 2 86 51 2 87 50 2 88 53 2 89 55 1 90 56 1 91 57 1 92 58 1 93 57 1 94 56 1 95 59 0 96 60 0 97 61 0 98 60 0 99 59 0 100 62 0 101</p>
        </triangles>
      </mesh>
    </geometry>
    <geometry id="ID119-mesh" name="ID119">
      <mesh>
        <source id="ID119-mesh-positions">
          <float_array id="ID119-mesh-positions-array" count="348">82.6061 236.0384 6.864868 82.6061 27.04173 6.864868 85.57764 239.01 8.23987 85.57764 239.01 8.23987 82.6061 27.04173 6.864868 82.6061 236.0384 6.864868 82.6061 236.0384 6.864868 85.57764 239.01 8.23987 82.6061 27.04173 6.864868 20.92189 236.0384 6.864868 82.6061 236.0384 6.864868 85.57764 239.01 8.23987 85.57764 239.01 8.23987 82.6061 236.0384 6.864868 20.92189 236.0384 6.864868 20.92189 236.0384 6.864868 85.57764 239.01 8.23987 82.6061 27.04173 6.864868 85.57764 24.0702 8.23987 85.57764 24.0702 8.23987 82.6061 27.04173 6.864868 85.57764 239.01 8.23987 85.57764 24.0702 8.23987 82.6061 27.04173 6.864868 82.6061 236.0384 6.864868 20.92189 27.04173 6.864868 20.92189 236.0384 6.864868 82.6061 236.0384 6.864868 20.92189 27.04173 6.864868 20.92189 236.0384 6.864868 82.6061 27.04173 6.864868 20.92189 27.04173 6.864868 17.95035 239.01 8.23987 20.92189 236.0384 6.864868 85.57764 239.01 8.23987 85.57764 239.01 8.23987 20.92189 236.0384 6.864868 17.95035 239.01 8.23987 17.95035 239.01 8.23987 85.57764 239.01 8.23987 85.57764 24.0702 8.23987 88.17024 21.47759 6.864868 88.17024 21.47759 6.864868 85.57764 24.0702 8.23987 85.57764 239.01 8.23987 88.17024 21.47759 6.864868 82.6061 27.04173 6.864868 20.92189 27.04173 6.864868 85.57764 24.0702 8.23987 85.57764 24.0702 8.23987 20.92189 27.04173 6.864868 82.6061 27.04173 6.864868 20.92189 236.0384 6.864868 17.95035 24.0702 8.23987 20.92189 27.04173 6.864868 20.92189 27.04173 6.864868 17.95035 24.0702 8.23987 20.92189 236.0384 6.864868 17.95035 24.0702 8.23987 17.95035 239.01 8.23987 17.95035 24.0702 8.23987 20.92189 236.0384 6.864868 20.92189 236.0384 6.864868 17.95035 24.0702 8.23987 17.95035 239.01 8.23987 17.95035 239.01 8.23987 85.57764 239.01 8.23987 88.17024 241.6026 6.864868 88.17024 241.6026 6.864868 85.57764 239.01 8.23987 17.95035 239.01 8.23987 88.17024 241.6026 6.864868 88.17024 241.6026 6.864868 85.57764 239.01 8.23987 88.17024 21.47759 6.864868 88.17024 21.47759 6.864868 85.57764 239.01 8.23987 88.17024 241.6026 6.864868 85.57764 24.0702 8.23987 17.95035 24.0702 8.23987 88.17024 21.47759 6.864868 88.17024 21.47759 6.864868 17.95035 24.0702 8.23987 85.57764 24.0702 8.23987 20.92189 27.04173 6.864868 17.95035 24.0702 8.23987 85.57764 24.0702 8.23987 85.57764 24.0702 8.23987 17.95035 24.0702 8.23987 20.92189 27.04173 6.864868 17.95035 239.01 8.23987 15.35774 21.47759 6.864868 17.95035 24.0702 8.23987 17.95035 24.0702 8.23987 15.35774 21.47759 6.864868 17.95035 239.01 8.23987 15.35774 21.47759 6.864868 15.35774 241.6026 6.864868 17.95035 239.01 8.23987 88.17024 241.6026 6.864868 88.17024 241.6026 6.864868 17.95035 239.01 8.23987 15.35774 241.6026 6.864868 15.35774 241.6026 6.864868 17.95035 24.0702 8.23987 15.35774 21.47759 6.864868 88.17024 21.47759 6.864868 88.17024 21.47759 6.864868 15.35774 21.47759 6.864868 17.95035 24.0702 8.23987 15.35774 241.6026 6.864868 15.35774 21.47759 6.864868 17.95035 239.01 8.23987 17.95035 239.01 8.23987 15.35774 21.47759 6.864868 15.35774 241.6026 6.864868</float_array>
          <technique_common>
            <accessor source="#ID119-mesh-positions-array" count="116" stride="3">
              <param name="X" type="float"/>
              <param name="Y" type="float"/>
              <param name="Z" type="float"/>
            </accessor>
          </technique_common>
        </source>
        <source id="ID119-mesh-normals">
          <float_array id="ID119-mesh-normals-array" count="102">-0.4199442 0 0.90755 0.4199442 0 -0.90755 0 -0.419933 0.9075552 0 0.4199338 -0.9075548 -0.4199441 0 0.90755 0.419944 0 -0.90755 0 0 1 0 0 -1 0 -0.419938 0.9075528 0 0.4199389 -0.9075525 0.468539 0 0.8834428 -0.4685389 0 -0.8834429 0 0.4199458 0.9075492 0 -0.4199458 -0.9075492 0.4199443 0 0.9075499 -0.4199442 0 -0.90755 0.4199445 0 0.9075499 -0.4199445 0 -0.9075499 0 0.4685362 0.8834444 0 -0.4685359 -0.8834446 0.4685397 0 0.8834425 -0.4685397 0 -0.8834425 0 -0.4685375 0.8834437 0 0.4685375 -0.8834437 0 0.4199461 0.9075492 0 -0.4199459 -0.9075492 -0.4685373 0 0.8834438 0.4685372 0 -0.8834439 0 0.4685472 0.8834385 0 -0.4685439 -0.8834403 0 -0.4685373 0.8834438 0 0.4685372 -0.8834438 -0.4685379 0 0.8834434 0.4685379 0 -0.8834434</float_array>
          <technique_common>
            <accessor source="#ID119-mesh-normals-array" count="34" stride="3">
              <param name="X" type="float"/>
              <param name="Y" type="float"/>
              <param name="Z" type="float"/>
            </accessor>
          </technique_common>
        </source>
        <source id="ID119-mesh-map-0">
          <float_array id="ID119-mesh-map-0-array" count="216">0.7199889 0.8526449 0.7199889 0.116741 0.741942 0.8631081 0.741942 0.8631081 0.7199889 0.116741 0.7199889 0.8526449 0.2642792 0.8526449 0.7199889 0.8526449 0.741942 0.8631081 0.741942 0.8631081 0.7199889 0.8526449 0.2642792 0.8526449 0.741942 0.8631081 0.7199889 0.116741 0.741942 0.1062778 0.741942 0.1062778 0.7199889 0.116741 0.741942 0.8631081 0.7199889 0.116741 0.7199889 0.8526449 0.2642792 0.116741 0.2642792 0.8526449 0.2642792 0.116741 0.7199889 0.8526449 0.7199889 0.8526449 0.2642792 0.116741 0.2642792 0.8526449 0.2642792 0.116741 0.7199889 0.8526449 0.7199889 0.116741 0.2423262 0.8631081 0.2642792 0.8526449 0.741942 0.8631081 0.741942 0.8631081 0.2642792 0.8526449 0.2423262 0.8631081 0.741942 0.8631081 0.741942 0.1062778 0.7610956 0.09714889 0.7610956 0.09714889 0.741942 0.1062778 0.741942 0.8631081 0.7199889 0.116741 0.2642792 0.116741 0.741942 0.1062778 0.741942 0.1062778 0.2642792 0.116741 0.7199889 0.116741 0.2642792 0.8526449 0.2423262 0.1062778 0.2642792 0.116741 0.2642792 0.116741 0.2423262 0.1062778 0.2642792 0.8526449 0.2423262 0.8631081 0.2423262 0.1062778 0.2642792 0.8526449 0.2642792 0.8526449 0.2423262 0.1062778 0.2423262 0.8631081 0.2423262 0.8631081 0.741942 0.8631081 0.7610956 0.872237 0.7610956 0.872237 0.741942 0.8631081 0.2423262 0.8631081 0.7610956 0.872237 0.741942 0.8631081 0.7610956 0.09714889 0.7610956 0.09714889 0.741942 0.8631081 0.7610956 0.872237 0.741942 0.1062778 0.2423262 0.1062778 0.7610956 0.09714889 0.7610956 0.09714889 0.2423262 0.1062778 0.741942 0.1062778 0.2642792 0.116741 0.2423262 0.1062778 0.741942 0.1062778 0.741942 0.1062778 0.2423262 0.1062778 0.2642792 0.116741 0.2423262 0.8631081 0.2231725 0.09714889 0.2423262 0.1062778 0.2423262 0.1062778 0.2231725 0.09714889 0.2423262 0.8631081 0.2231725 0.872237 0.2423262 0.8631081 0.7610956 0.872237 0.7610956 0.872237 0.2423262 0.8631081 0.2231725 0.872237 0.2423262 0.1062778 0.2231725 0.09714889 0.7610956 0.09714889 0.7610956 0.09714889 0.2231725 0.09714889 0.2423262 0.1062778 0.2231725 0.872237 0.2231725 0.09714889 0.2423262 0.8631081 0.2423262 0.8631081 0.2231725 0.09714889 0.2231725 0.872237</float_array>
          <technique_common>
            <accessor source="#ID119-mesh-map-0-array" count="108" stride="2">
              <param name="S" type="float"/>
              <param name="T" type="float"/>
            </accessor>
          </technique_common>
        </source>
        <vertices id="ID119-mesh-vertices">
          <input semantic="POSITION" source="#ID119-mesh-positions"/>
        </vertices>
        <triangles material="steel-security-door-exporter-material" count="36">
          <input semantic="VERTEX" source="#ID119-mesh-vertices" offset="0"/>
          <input semantic="NORMAL" source="#ID119-mesh-normals" offset="1"/>
          <input semantic="TEXCOORD" source="#ID119-mesh-map-0" offset="2" set="0"/>
          <p>0 0 0 1 0 1 2 0 2 3 1 3 4 1 4 5 1 5 9 2 6 10 2 7 11 2 8 12 3 9 13 3 10 14 3 11 16 4 12 17 4 13 18 4 14 19 5 15 20 5 16 21 5 17 23 6 18 24 6 19 25 6 20 26 6 21 25 6 22 24 6 23 27 7 24 28 7 25 29 7 26 28 7 27 27 7 28 30 7 29 32 8 30 33 8 31 34 8 32 35 9 33 36 9 34 37 9 35 39 10 36 40 10 37 41 10 38 42 11 39 43 11 40 44 11 41 46 12 42 47 12 43 48 12 44 49 13 45 50 13 46 51 13 47 52 14 48 53 14 49 54 14 50 55 15 51 56 15 52 57 15 53 59 16 54 60 16 55 61 16 56 62 17 57 63 17 58 64 17 59 65 18 60 66 18 61 67 18 62 68 19 63 69 19 64 70 19 65 72 20 66 73 20 67 74 20 68 75 21 69 76 21 70 77 21 71 78 22 72 79 22 73 80 22 74 81 23 75 82 23 76 83 23 77 84 24 78 85 24 79 86 24 80 87 25 81 88 25 82 89 25 83 90 26 84 91 26 85 92 26 86 93 27 87 94 27 88 95 27 89 97 28 90 98 28 91 99 28 92 100 29 93 101 29 94 102 29 95 104 30 96 105 30 97 106 30 98 107 31 99 108 31 100 109 31 101 110 32 102 111 32 103 112 32 104 113 33 105 114 33 106 115 33 107</p>
        </triangles>
      </mesh>
    </geometry>
    <geometry id="ID111-mesh" name="ID111">
      <mesh>
        <source id="ID111-mesh-positions">
          <float_array id="ID111-mesh-positions-array" count="189">13.09016 145.9597 4.802368 10.40266 133.963 4.802368 13.09016 111.4597 4.802368 7.715162 133.963 4.802368 7.715162 135.838 4.802368 4.527662 111.4597 4.802368 10.40266 134.713 4.802368 10.40266 135.838 4.802368 4.527662 145.9597 4.802368 4.527662 145.9597 4.802368 7.715162 135.838 4.802368 4.527662 111.4597 4.802368 13.09016 145.9597 4.802368 10.40266 135.838 4.802368 10.40266 134.713 4.802368 10.40266 133.963 4.802368 7.715162 133.963 4.802368 13.09016 111.4597 4.802368 4.527662 111.4597 4.802368 13.09016 111.4597 4.802368 4.527662 145.9597 4.802368 13.09016 145.9597 4.802368 10.40266 135.838 4.802368 7.715162 135.838 4.802368 7.715162 133.963 4.802368 10.40266 133.963 4.802368 10.40266 134.713 4.802368 4.527662 111.4597 6.864868 13.09016 111.4597 6.864868 4.527662 111.4597 4.802368 13.09016 111.4597 4.802368 13.09016 111.4597 6.864868 4.527662 111.4597 4.802368 13.09016 111.4597 4.802368 4.527662 111.4597 6.864868 4.527662 111.4597 6.864868 13.09016 111.4597 6.864868 4.527662 145.9597 4.802368 4.527662 145.9597 6.864868 4.527662 111.4597 4.802368 4.527662 111.4597 6.864868 4.527662 145.9597 6.864868 4.527662 111.4597 4.802368 4.527662 111.4597 6.864868 4.527662 145.9597 4.802368 4.527662 145.9597 6.864868 13.09016 145.9597 6.864868 4.527662 145.9597 6.864868 13.09016 145.9597 4.802368 4.527662 145.9597 4.802368 4.527662 145.9597 6.864868 13.09016 145.9597 4.802368 4.527662 145.9597 4.802368 13.09016 145.9597 6.864868 13.09016 145.9597 6.864868 13.09016 145.9597 6.864868 13.09016 145.9597 4.802368 13.09016 111.4597 6.864868 13.09016 111.4597 4.802368 13.09016 145.9597 4.802368 13.09016 111.4597 6.864868 13.09016 111.4597 4.802368 13.09016 145.9597 6.864868</float_array>
          <technique_common>
            <accessor source="#ID111-mesh-positions-array" count="63" stride="3">
              <param name="X" type="float"/>
              <param name="Y" type="float"/>
              <param name="Z" type="float"/>
            </accessor>
          </technique_common>
        </source>
        <source id="ID111-mesh-normals">
          <float_array id="ID111-mesh-normals-array" count="30">1.6457e-7 0 1 0 0 1 -1.38756e-7 0 1 1.38756e-7 0 -1 0 0 -1 -1.6457e-7 0 -1 0 1 0 0 -1 0 1 0 0 -1 0 0</float_array>
          <technique_common>
            <accessor source="#ID111-mesh-normals-array" count="10" stride="3">
              <param name="X" type="float"/>
              <param name="Y" type="float"/>
              <param name="Z" type="float"/>
            </accessor>
          </technique_common>
        </source>
        <source id="ID111-mesh-map-0">
          <float_array id="ID111-mesh-map-0-array" count="204">0.2064201 0.5354662 0.1865655 0.4932244 0.2064201 0.4139873 0.1865655 0.4932244 0.1667107 0.4932244 0.2064201 0.4139873 0.1667107 0.4998265 0.1431622 0.4139873 0.1667107 0.4932244 0.2064201 0.4139873 0.1667107 0.4932244 0.1431622 0.4139873 0.1865655 0.4932244 0.2064201 0.5354662 0.1865655 0.4958652 0.1865655 0.4958652 0.2064201 0.5354662 0.1865655 0.4998265 0.1865655 0.4998265 0.2064201 0.5354662 0.1667107 0.4998265 0.2064201 0.5354662 0.1431622 0.5354662 0.1667107 0.4998265 0.1431622 0.4139873 0.1667107 0.4998265 0.1431622 0.5354662 0.1431622 0.5354662 0.1667107 0.4998265 0.1431622 0.4139873 0.1667107 0.4998265 0.1431622 0.5354662 0.2064201 0.5354662 0.1667107 0.4998265 0.2064201 0.5354662 0.1865655 0.4998265 0.1865655 0.4998265 0.2064201 0.5354662 0.1865655 0.4958652 0.1865655 0.4958652 0.2064201 0.5354662 0.1865655 0.4932244 0.1431622 0.4139873 0.1667107 0.4932244 0.2064201 0.4139873 0.1667107 0.4932244 0.1431622 0.4139873 0.1667107 0.4998265 0.2064201 0.4139873 0.1667107 0.4932244 0.1865655 0.4932244 0.2064201 0.4139873 0.1865655 0.4932244 0.2064201 0.5354662 0.1431622 0.4139873 0.2064201 0.4139873 0.1431622 0.4139873 0.2064201 0.4139873 0.1431622 0.4139873 0.2064201 0.4139873 0.2064201 0.4139873 0.1431622 0.4139873 0.2064201 0.4139873 0.1431622 0.4139873 0.2064201 0.4139873 0.1431622 0.4139873 0.1431622 0.5354662 0.1431622 0.5354662 0.1431622 0.4139873 0.1431622 0.4139873 0.1431622 0.4139873 0.1431622 0.5354662 0.1431622 0.5354662 0.1431622 0.4139873 0.1431622 0.4139873 0.1431622 0.4139873 0.1431622 0.5354662 0.1431622 0.5354662 0.2064201 0.5354662 0.1431622 0.5354662 0.2064201 0.5354662 0.1431622 0.5354662 0.2064201 0.5354662 0.1431622 0.5354662 0.1431622 0.5354662 0.2064201 0.5354662 0.1431622 0.5354662 0.2064201 0.5354662 0.1431622 0.5354662 0.2064201 0.5354662 0.2064201 0.5354662 0.2064201 0.5354662 0.2064201 0.4139873 0.2064201 0.4139873 0.2064201 0.4139873 0.2064201 0.5354662 0.2064201 0.5354662 0.2064201 0.4139873 0.2064201 0.4139873 0.2064201 0.4139873 0.2064201 0.5354662 0.2064201 0.5354662</float_array>
          <technique_common>
            <accessor source="#ID111-mesh-map-0-array" count="102" stride="2">
              <param name="S" type="float"/>
              <param name="T" type="float"/>
            </accessor>
          </technique_common>
        </source>
        <vertices id="ID111-mesh-vertices">
          <input semantic="POSITION" source="#ID111-mesh-positions"/>
        </vertices>
        <triangles material="steel-security-door-exporter-material" count="34">
          <input semantic="VERTEX" source="#ID111-mesh-vertices" offset="0"/>
          <input semantic="NORMAL" source="#ID111-mesh-normals" offset="1"/>
          <input semantic="TEXCOORD" source="#ID111-mesh-map-0" offset="2" set="0"/>
          <p>0 0 0 1 0 1 2 0 2 1 1 3 3 1 4 2 1 5 4 1 6 5 1 7 3 1 8 2 1 9 3 1 10 5 1 11 1 1 12 0 1 13 6 1 14 6 1 15 0 1 16 7 1 17 7 1 18 0 1 19 4 1 20 0 1 21 8 1 22 4 1 23 5 2 24 4 2 25 8 2 26 9 3 27 10 3 28 11 3 29 10 4 30 9 4 31 12 4 32 10 4 33 12 4 34 13 4 35 13 4 36 12 4 37 14 4 38 14 4 39 12 4 40 15 4 41 11 4 42 16 4 43 17 4 44 16 4 45 11 4 46 10 4 47 17 4 48 16 4 49 15 4 50 17 5 51 15 5 52 12 5 53 27 6 54 28 6 55 29 6 56 30 6 57 29 6 58 28 6 59 31 7 60 32 7 61 33 7 62 32 7 63 31 7 64 34 7 65 37 8 66 38 8 67 39 8 68 40 8 69 39 8 70 38 8 71 41 9 72 42 9 73 43 9 74 42 9 75 41 9 76 44 9 77 46 7 78 47 7 79 48 7 80 49 7 81 48 7 82 47 7 83 50 6 84 51 6 85 52 6 86 51 6 87 50 6 88 53 6 89 55 9 90 56 9 91 57 9 92 58 9 93 57 9 94 56 9 95 59 8 96 60 8 97 61 8 98 60 8 99 59 8 100 62 8 101</p>
        </triangles>
      </mesh>
    </geometry>
    <geometry id="ID103-mesh" name="ID103">
      <mesh>
        <source id="ID103-mesh-positions">
          <float_array id="ID103-mesh-positions-array" count="1239">22.52766 135.838 2.552368 21.54853 135.838 2.229985 25.09016 135.838 2.552368 20.55241 135.838 1.964734 19.54261 135.838 1.757502 18.52253 135.838 1.608983 16.46516 135.838 1.489868 25.09016 135.838 1.4375 17.49557 135.838 1.519672 7.715162 135.838 4.802368 7.740614 135.838 4.460213 10.40266 135.838 4.802368 7.783472 135.838 4.119801 7.843625 135.838 3.782015 7.920917 135.838 3.447734 8.015149 135.838 3.117827 8.12607 135.838 2.793152 10.40266 135.838 2.552368 8.253396 135.838 2.474552 11.38179 135.838 2.229985 8.396798 135.838 2.162857 12.37792 135.838 1.964734 8.555897 135.838 1.858875 13.38771 135.838 1.757502 14.40779 135.838 1.608983 8.730285 135.838 1.563398 15.43476 135.838 1.519672 8.919507 135.838 1.277194 23.68225 135.838 1.001006 9.12307 135.838 1.001006 22.2526 135.838 0.6420824 10.55272 135.838 0.6420824 11.99985 135.838 0.3618018 20.80548 135.838 0.3618018 19.3452 135.838 0.1610012 13.46013 135.838 0.1610012 17.87613 135.838 0.04028034 14.92919 135.838 0.04028034 16.40266 135.838 0 14.92919 135.838 0.04028034 17.87613 135.838 0.04028034 16.40266 135.838 0 13.46013 135.838 0.1610012 19.3452 135.838 0.1610012 11.99985 135.838 0.3618018 20.80548 135.838 0.3618018 22.2526 135.838 0.6420824 10.55272 135.838 0.6420824 9.12307 135.838 1.001006 23.68225 135.838 1.001006 8.919507 135.838 1.277194 25.09016 135.838 1.4375 16.46516 135.838 1.489868 8.730285 135.838 1.563398 15.43476 135.838 1.519672 14.40779 135.838 1.608983 8.555897 135.838 1.858875 13.38771 135.838 1.757502 12.37792 135.838 1.964734 8.396798 135.838 2.162857 11.38179 135.838 2.229985 8.253396 135.838 2.474552 10.40266 135.838 2.552368 8.12607 135.838 2.793152 10.40266 135.838 4.802368 8.015149 135.838 3.117827 7.920917 135.838 3.447734 7.843625 135.838 3.782015 7.783472 135.838 4.119801 7.740614 135.838 4.460213 7.715162 135.838 4.802368 18.52253 135.838 1.608983 25.09016 135.838 2.552368 17.49557 135.838 1.519672 19.54261 135.838 1.757502 20.55241 135.838 1.964734 21.54853 135.838 2.229985 22.52766 135.838 2.552368 10.40266 135.838 4.802368 7.715162 135.838 4.802368 10.40266 135.838 2.552368 11.38179 135.838 2.229985 12.37792 135.838 1.964734 13.38771 135.838 1.757502 14.40779 135.838 1.608983 15.43476 135.838 1.519672 16.46516 135.838 1.489868 17.49557 135.838 1.519672 18.52253 135.838 1.608983 19.54261 135.838 1.757502 20.55241 135.838 1.964734 21.54853 135.838 2.229985 22.52766 135.838 2.552368 25.09016 135.838 2.552368 25.09016 135.838 1.4375 23.68225 135.838 1.001006 22.2526 135.838 0.6420824 20.80548 135.838 0.3618018 19.3452 135.838 0.1610012 17.87613 135.838 0.04028034 16.40266 135.838 0 14.92919 135.838 0.04028034 13.46013 135.838 0.1610012 11.99985 135.838 0.3618018 10.55272 135.838 0.6420824 9.12307 135.838 1.001006 8.919507 135.838 1.277194 8.730285 135.838 1.563398 8.555897 135.838 1.858875 8.396798 135.838 2.162857 8.253396 135.838 2.474552 8.12607 135.838 2.793152 8.015149 135.838 3.117827 7.920917 135.838 3.447734 7.843625 135.838 3.782015 7.783472 135.838 4.119801 7.740614 135.838 4.460213 10.40266 135.838 4.802368 10.40266 135.838 2.552368 10.40266 134.713 4.802368 10.40266 133.963 4.802368 10.40266 133.963 2.552368 10.40266 135.838 2.552368 10.40266 133.963 4.802368 10.40266 133.963 2.552368 10.40266 134.713 4.802368 10.40266 135.838 4.802368 10.40266 134.713 4.802368 10.40266 133.963 4.802368 10.40266 133.963 2.552368 11.38179 135.838 2.229985 11.38179 133.963 2.229985 10.40266 135.838 2.552368 10.40266 133.963 2.552368 11.38179 133.963 2.229985 10.40266 135.838 2.552368 10.40266 133.963 2.552368 11.38179 135.838 2.229985 11.38179 133.963 2.229985 12.37792 135.838 1.964734 12.37792 133.963 1.964734 12.37792 133.963 1.964734 12.37792 135.838 1.964734 12.37792 133.963 1.964734 13.38771 135.838 1.757502 13.38771 133.963 1.757502 13.38771 133.963 1.757502 13.38771 135.838 1.757502 13.38771 133.963 1.757502 14.40779 135.838 1.608983 14.40779 133.963 1.608983 14.40779 133.963 1.608983 14.40779 135.838 1.608983 14.40779 133.963 1.608983 15.43476 135.838 1.519672 15.43476 133.963 1.519672 15.43476 133.963 1.519672 15.43476 135.838 1.519672 15.43476 133.963 1.519672 16.46516 135.838 1.489868 16.46516 133.963 1.489868 16.46516 133.963 1.489868 16.46516 135.838 1.489868 16.46516 133.963 1.489868 17.49557 135.838 1.519672 17.49557 133.963 1.519672 17.49557 133.963 1.519672 17.49557 135.838 1.519672 17.49557 133.963 1.519672 18.52253 135.838 1.608983 18.52253 133.963 1.608983 18.52253 133.963 1.608983 18.52253 135.838 1.608983 18.52253 133.963 1.608983 19.54261 135.838 1.757502 19.54261 133.963 1.757502 19.54261 133.963 1.757502 19.54261 135.838 1.757502 19.54261 133.963 1.757502 20.55241 135.838 1.964734 20.55241 133.963 1.964734 20.55241 133.963 1.964734 20.55241 135.838 1.964734 20.55241 133.963 1.964734 21.54853 135.838 2.229985 21.54853 133.963 2.229985 21.54853 133.963 2.229985 21.54853 135.838 2.229985 21.54853 133.963 2.229985 22.52766 135.838 2.552368 22.52766 133.963 2.552368 22.52766 133.963 2.552368 22.52766 135.838 2.552368 22.52766 133.963 2.552368 25.09016 135.838 2.552368 25.09016 133.963 2.552368 22.52766 135.838 2.552368 22.52766 133.963 2.552368 25.09016 133.963 2.552368 22.52766 135.838 2.552368 22.52766 133.963 2.552368 25.09016 135.838 2.552368 25.09016 133.963 2.552368 25.09016 135.838 2.552368 25.09016 135.838 1.4375 25.09016 133.963 2.552368 25.09016 133.963 1.4375 25.09016 135.838 1.4375 25.09016 133.963 2.552368 25.09016 133.963 1.4375 25.09016 135.838 2.552368 25.09016 133.963 1.4375 25.09016 133.963 1.4375 25.09016 135.838 1.4375 23.68225 133.963 1.001006 23.68225 135.838 1.001006 25.09016 135.838 1.4375 23.68225 133.963 1.001006 23.68225 135.838 1.001006 25.09016 133.963 1.4375 23.68225 133.963 1.001006 22.2526 133.963 0.6420824 22.2526 135.838 0.6420824 22.2526 133.963 0.6420824 22.2526 135.838 0.6420824 22.2526 133.963 0.6420824 20.80548 133.963 0.3618018 20.80548 135.838 0.3618018 20.80548 133.963 0.3618018 20.80548 135.838 0.3618018 20.80548 133.963 0.3618018 19.3452 133.963 0.1610012 19.3452 135.838 0.1610012 19.3452 133.963 0.1610012 19.3452 135.838 0.1610012 19.3452 133.963 0.1610012 17.87613 133.963 0.04028034 17.87613 135.838 0.04028034 17.87613 133.963 0.04028034 17.87613 135.838 0.04028034 17.87613 133.963 0.04028034 16.40266 133.963 0 16.40266 135.838 0 16.40266 133.963 0 16.40266 135.838 0 16.40266 133.963 0 14.92919 133.963 0.04028034 14.92919 135.838 0.04028034 14.92919 133.963 0.04028034 14.92919 135.838 0.04028034 14.92919 133.963 0.04028034 13.46013 133.963 0.1610012 13.46013 135.838 0.1610012 13.46013 133.963 0.1610012 13.46013 135.838 0.1610012 13.46013 133.963 0.1610012 11.99985 133.963 0.3618018 11.99985 135.838 0.3618018 11.99985 133.963 0.3618018 11.99985 135.838 0.3618018 11.99985 133.963 0.3618018 10.55272 133.963 0.6420824 10.55272 135.838 0.6420824 10.55272 133.963 0.6420824 10.55272 135.838 0.6420824 10.55272 133.963 0.6420824 9.12307 133.963 1.001006 9.12307 135.838 1.001006 9.12307 133.963 1.001006 9.12307 135.838 1.001006 9.12307 133.963 1.001006 9.12307 135.838 1.001006 8.919507 135.838 1.277194 9.12307 133.963 1.001006 8.919507 133.963 1.277194 8.919507 135.838 1.277194 9.12307 133.963 1.001006 8.919507 133.963 1.277194 9.12307 135.838 1.001006 8.919507 133.963 1.277194 8.730285 135.838 1.563398 8.730285 133.963 1.563398 8.730285 135.838 1.563398 8.730285 133.963 1.563398 8.730285 133.963 1.563398 8.555897 135.838 1.858875 8.555897 133.963 1.858875 8.555897 135.838 1.858875 8.555897 133.963 1.858875 8.555897 133.963 1.858875 8.396798 135.838 2.162857 8.396798 133.963 2.162857 8.396798 135.838 2.162857 8.396798 133.963 2.162857 8.396798 133.963 2.162857 8.253396 135.838 2.474552 8.253396 133.963 2.474552 8.253396 135.838 2.474552 8.253396 133.963 2.474552 8.253396 133.963 2.474552 8.12607 135.838 2.793152 8.12607 133.963 2.793152 8.12607 135.838 2.793152 8.12607 133.963 2.793152 8.12607 133.963 2.793152 8.015149 135.838 3.117827 8.015149 133.963 3.117827 8.015149 135.838 3.117827 8.015149 133.963 3.117827 8.015149 133.963 3.117827 7.920917 135.838 3.447734 7.920917 133.963 3.447734 7.920917 135.838 3.447734 7.920917 133.963 3.447734 7.920917 133.963 3.447734 7.843625 135.838 3.782015 7.843625 133.963 3.782015 7.843625 135.838 3.782015 7.843625 133.963 3.782015 7.843625 133.963 3.782015 7.783472 135.838 4.119801 7.783472 133.963 4.119801 7.783472 135.838 4.119801 7.783472 133.963 4.119801 7.783472 133.963 4.119801 7.740614 135.838 4.460213 7.740614 133.963 4.460213 7.740614 135.838 4.460213 7.740614 133.963 4.460213 7.740614 133.963 4.460213 7.715162 135.838 4.802368 7.715162 133.963 4.802368 7.715162 135.838 4.802368 7.715162 133.963 4.802368 7.715162 133.963 4.802368 7.715162 133.963 4.802368 10.40266 133.963 4.802368 7.740614 133.963 4.460213 7.783472 133.963 4.119801 7.843625 133.963 3.782015 7.920917 133.963 3.447734 8.015149 133.963 3.117827 8.12607 133.963 2.793152 10.40266 133.963 2.552368 8.253396 133.963 2.474552 11.38179 133.963 2.229985 8.396798 133.963 2.162857 12.37792 133.963 1.964734 8.555897 133.963 1.858875 13.38771 133.963 1.757502 14.40779 133.963 1.608983 8.730285 133.963 1.563398 15.43476 133.963 1.519672 16.46516 133.963 1.489868 8.919507 133.963 1.277194 25.09016 133.963 1.4375 9.12307 133.963 1.001006 23.68225 133.963 1.001006 10.55272 133.963 0.6420824 22.2526 133.963 0.6420824 11.99985 133.963 0.3618018 20.80548 133.963 0.3618018 13.46013 133.963 0.1610012 19.3452 133.963 0.1610012 14.92919 133.963 0.04028034 17.87613 133.963 0.04028034 16.40266 133.963 0 22.52766 133.963 2.552368 25.09016 133.963 2.552368 21.54853 133.963 2.229985 20.55241 133.963 1.964734 19.54261 133.963 1.757502 18.52253 133.963 1.608983 17.49557 133.963 1.519672 25.09016 133.963 1.4375 17.49557 133.963 1.519672 16.46516 133.963 1.489868 18.52253 133.963 1.608983 25.09016 133.963 2.552368 19.54261 133.963 1.757502 20.55241 133.963 1.964734 21.54853 133.963 2.229985 22.52766 133.963 2.552368 17.87613 133.963 0.04028034 14.92919 133.963 0.04028034 16.40266 133.963 0 19.3452 133.963 0.1610012 13.46013 133.963 0.1610012 20.80548 133.963 0.3618018 11.99985 133.963 0.3618018 22.2526 133.963 0.6420824 10.55272 133.963 0.6420824 23.68225 133.963 1.001006 9.12307 133.963 1.001006 8.919507 133.963 1.277194 8.730285 133.963 1.563398 15.43476 133.963 1.519672 14.40779 133.963 1.608983 8.555897 133.963 1.858875 13.38771 133.963 1.757502 12.37792 133.963 1.964734 8.396798 133.963 2.162857 11.38179 133.963 2.229985 8.253396 133.963 2.474552 10.40266 133.963 2.552368 8.12607 133.963 2.793152 10.40266 133.963 4.802368 8.015149 133.963 3.117827 7.920917 133.963 3.447734 7.843625 133.963 3.782015 7.783472 133.963 4.119801 7.740614 133.963 4.460213 7.715162 133.963 4.802368</float_array>
          <technique_common>
            <accessor source="#ID103-mesh-positions-array" count="413" stride="3">
              <param name="X" type="float"/>
              <param name="Y" type="float"/>
              <param name="Z" type="float"/>
            </accessor>
          </technique_common>
        </source>
        <source id="ID103-mesh-normals">
          <float_array id="ID103-mesh-normals-array" count="408">0 -1 0 0 -1 -1.97432e-4 0 -1 3.51818e-4 0 -0.9999997 -7.84968e-4 0 -1 -6.62809e-5 0 -1 6.5928e-5 0 -1 -6.49287e-5 0 -1 -7.24229e-5 0 -1 2.20392e-4 0 -1 2.19013e-4 0 -1 6.90374e-5 0 1 2.5709e-4 0 1 -8.57821e-5 0 1 0 0 1 2.58246e-5 0 1 -1.86125e-5 0 1 2.18016e-5 0 1 -2.6563e-5 0 1 -1.09506e-4 0 1 -2.42771e-5 0 0.9999998 7.88747e-4 0 1 4.07379e-5 0 1 2.58916e-5 0 1 3.65224e-5 0 1 -1.09829e-5 0 1 -1.7844e-5 0 1 -4.03077e-6 0 1 2.24562e-5 0 1 -3.50243e-5 0 1 3.41761e-5 0 1 1.55568e-6 0 0.9999997 7.84968e-4 0 0.9999973 0.002331733 0 1 -1.75909e-4 0 1 9.87159e-5 0 1 -3.69415e-5 -1 0 0 1 0 0 -0.2851408 0 -0.9584857 -0.3127282 0 -0.9498428 0.2851408 0 0.9584857 0.3127282 0 0.9498428 -0.2292571 0 -0.9733659 0.2292571 0 0.9733659 -0.1726135 0 -0.9849897 0.1726135 0 0.9849897 -0.1153909 0 -0.9933203 0.1153909 0 0.9933203 -0.05777198 0 -0.9983298 0.05777198 0 0.9983298 0 0 -1 0 0 1 0.05777198 0 -0.9983298 -0.05777198 0 0.9983298 0.1153909 0 -0.9933203 -0.1153909 0 0.9933203 0.1726135 0 -0.9849897 -0.1726135 0 0.9849897 0.2292571 0 -0.9733659 -0.2292571 0 0.9733659 0.2851408 0 -0.9584857 -0.2851408 0 0.9584857 0.3127282 0 -0.9498428 -0.3127282 0 0.9498428 -0.2961246 0 0.9551493 -0.2699129 0 0.9628848 0.2961246 0 -0.9551493 0.2699129 0 -0.9628848 -0.2169014 0 0.9761936 0.2169014 0 -0.9761936 -0.1632457 0 0.9865855 0.1632457 0 -0.9865855 -0.1090748 0 0.9940335 0.1090748 0 -0.9940335 -0.05462825 0 0.9985069 0.05462825 0 -0.9985069 0.05462825 0 0.9985069 -0.05462825 0 -0.9985069 0.1090748 0 0.9940335 0.1091049 0 0.9940304 -0.1090748 0 -0.9940335 -0.1091049 0 -0.9940304 0.1632457 0 0.9865855 -0.1632457 0 -0.9865855 0.2169014 0 0.9761936 -0.2169014 0 -0.9761936 0.2434834 0 0.9699051 -0.2434834 0 -0.9699051 0.8049822 0 0.593299 0.8198351 0 0.5725997 -0.8198351 0 -0.5725997 -0.8049822 0 -0.593299 0.8479658 0 0.5300511 -0.8479658 0 -0.5300511 0.8738822 0 0.4861378 -0.8738822 0 -0.4861378 0.8975185 0 0.4409767 -0.8975185 0 -0.4409767 0.9188354 0 0.3946412 -0.9188354 0 -0.3946412 0.9377526 0 0.3473045 -0.9377526 0 -0.3473045 0.9542359 0 0.2990552 -0.9542359 0 -0.2990552 0.9682357 0 0.2500395 -0.9682357 0 -0.2500395 0.9797229 0 0.2003576 -0.9797229 0 -0.2003576 0.9886628 0 0.1501534 -0.9886628 0 -0.1501534 0.9950324 0 0.09955203 -0.9950324 0 -0.09955203 0.9972463 0 0.0741617 -0.9972463 0 -0.0741617 0 1 6.53271e-5 0 1 -6.44922e-5 0 1 7.93614e-5 0 1 -2.19013e-4 0 1 7.44502e-5 0 1 -9.89206e-5 0 1 -1.71821e-4 0 1 3.92484e-4 0 -1 -3.92484e-4 0 -1 -2.5709e-4 0 -1 -8.57821e-5 0 -1 1.71821e-4 0 -1 -5.16492e-5 0 -1 6.18254e-5 0 -1 -7.44502e-5 0 -1 1.09506e-4 0 -1 1.97187e-4 0 -1 -4.96862e-5 0 -1 6.78968e-5 0 -1 -7.93614e-5 0 -1 6.44923e-5 0 -1 -6.53271e-5</float_array>
          <technique_common>
            <accessor source="#ID103-mesh-normals-array" count="136" stride="3">
              <param name="X" type="float"/>
              <param name="Y" type="float"/>
              <param name="Z" type="float"/>
            </accessor>
          </technique_common>
        </source>
        <source id="ID103-mesh-map-0">
          <float_array id="ID103-mesh-map-0-array" count="1812">0.2761423 0.4958652 0.2689087 0.4958652 0.2950735 0.4958652 0.2689087 0.4958652 0.2615496 0.4958652 0.2950735 0.4958652 0.2615496 0.4958652 0.2540894 0.4958652 0.2950735 0.4958652 0.2540894 0.4958652 0.2465533 0.4958652 0.2950735 0.4958652 0.2313539 0.4958652 0.2950735 0.4958652 0.2389663 0.4958652 0.2389663 0.4958652 0.2950735 0.4958652 0.2465533 0.4958652 0.2950735 0.4958652 0.2465533 0.4958652 0.2950735 0.4958652 0.1667107 0.4958652 0.1668988 0.4958652 0.1865655 0.4958652 0.1668988 0.4958652 0.1672154 0.4958652 0.1865655 0.4958652 0.1672154 0.4958652 0.1676598 0.4958652 0.1865655 0.4958652 0.1676598 0.4958652 0.1682309 0.4958652 0.1865655 0.4958652 0.1682309 0.4958652 0.168927 0.4958652 0.1865655 0.4958652 0.168927 0.4958652 0.1697465 0.4958652 0.1865655 0.4958652 0.1865655 0.4958652 0.1697465 0.4958652 0.1865655 0.4958652 0.1697465 0.4958652 0.1706871 0.4958652 0.1865655 0.4958652 0.1865655 0.4958652 0.1706871 0.4958652 0.1937991 0.4958652 0.1706871 0.4958652 0.1717465 0.4958652 0.1937991 0.4958652 0.1937991 0.4958652 0.1717465 0.4958652 0.2011582 0.4958652 0.1717465 0.4958652 0.172922 0.4958652 0.2011582 0.4958652 0.2011582 0.4958652 0.172922 0.4958652 0.2086184 0.4958652 0.2086184 0.4958652 0.172922 0.4958652 0.2161545 0.4958652 0.172922 0.4958652 0.1742103 0.4958652 0.2161545 0.4958652 0.2161545 0.4958652 0.1742103 0.4958652 0.2237415 0.4958652 0.2237415 0.4958652 0.1742103 0.4958652 0.2313539 0.4958652 0.1742103 0.4958652 0.1756082 0.4958652 0.2313539 0.4958652 0.2313539 0.4958652 0.1756082 0.4958652 0.2950735 0.4958652 0.2950735 0.4958652 0.1756082 0.4958652 0.2846722 0.4958652 0.1756082 0.4958652 0.1771121 0.4958652 0.2846722 0.4958652 0.2846722 0.4958652 0.1771121 0.4958652 0.2741103 0.4958652 0.1771121 0.4958652 0.1876741 0.4958652 0.2741103 0.4958652 0.1876741 0.4958652 0.1983651 0.4958652 0.2741103 0.4958652 0.2741103 0.4958652 0.1983651 0.4958652 0.2634192 0.4958652 0.2634192 0.4958652 0.1983651 0.4958652 0.252631 0.4958652 0.1983651 0.4958652 0.2091532 0.4958652 0.252631 0.4958652 0.252631 0.4958652 0.2091532 0.4958652 0.2417778 0.4958652 0.2091532 0.4958652 0.2200065 0.4958652 0.2417778 0.4958652 0.2308922 0.4958652 0.2417778 0.4958652 0.2200065 0.4958652 0.2200065 0.4958652 0.2417778 0.4958652 0.2308922 0.4958652 0.2417778 0.4958652 0.2200065 0.4958652 0.2091532 0.4958652 0.2417778 0.4958652 0.2091532 0.4958652 0.252631 0.4958652 0.252631 0.4958652 0.2091532 0.4958652 0.1983651 0.4958652 0.252631 0.4958652 0.1983651 0.4958652 0.2634192 0.4958652 0.2634192 0.4958652 0.1983651 0.4958652 0.2741103 0.4958652 0.2741103 0.4958652 0.1983651 0.4958652 0.1876741 0.4958652 0.2741103 0.4958652 0.1876741 0.4958652 0.1771121 0.4958652 0.2741103 0.4958652 0.1771121 0.4958652 0.2846722 0.4958652 0.2846722 0.4958652 0.1771121 0.4958652 0.1756082 0.4958652 0.2846722 0.4958652 0.1756082 0.4958652 0.2950735 0.4958652 0.2950735 0.4958652 0.1756082 0.4958652 0.2313539 0.4958652 0.2313539 0.4958652 0.1756082 0.4958652 0.1742103 0.4958652 0.2313539 0.4958652 0.1742103 0.4958652 0.2237415 0.4958652 0.2237415 0.4958652 0.1742103 0.4958652 0.2161545 0.4958652 0.2161545 0.4958652 0.1742103 0.4958652 0.172922 0.4958652 0.2161545 0.4958652 0.172922 0.4958652 0.2086184 0.4958652 0.2086184 0.4958652 0.172922 0.4958652 0.2011582 0.4958652 0.2011582 0.4958652 0.172922 0.4958652 0.1717465 0.4958652 0.2011582 0.4958652 0.1717465 0.4958652 0.1937991 0.4958652 0.1937991 0.4958652 0.1717465 0.4958652 0.1706871 0.4958652 0.1937991 0.4958652 0.1706871 0.4958652 0.1865655 0.4958652 0.1865655 0.4958652 0.1706871 0.4958652 0.1697465 0.4958652 0.1865655 0.4958652 0.1697465 0.4958652 0.1865655 0.4958652 0.1865655 0.4958652 0.1697465 0.4958652 0.168927 0.4958652 0.1865655 0.4958652 0.168927 0.4958652 0.1682309 0.4958652 0.1865655 0.4958652 0.1682309 0.4958652 0.1676598 0.4958652 0.1865655 0.4958652 0.1676598 0.4958652 0.1672154 0.4958652 0.1865655 0.4958652 0.1672154 0.4958652 0.1668988 0.4958652 0.1865655 0.4958652 0.1668988 0.4958652 0.1667107 0.4958652 0.2950735 0.4958652 0.2465533 0.4958652 0.2950735 0.4958652 0.2465533 0.4958652 0.2950735 0.4958652 0.2389663 0.4958652 0.2389663 0.4958652 0.2950735 0.4958652 0.2313539 0.4958652 0.2950735 0.4958652 0.2465533 0.4958652 0.2540894 0.4958652 0.2950735 0.4958652 0.2540894 0.4958652 0.2615496 0.4958652 0.2950735 0.4958652 0.2615496 0.4958652 0.2689087 0.4958652 0.2950735 0.4958652 0.2689087 0.4958652 0.2761423 0.4958652 0.1865655 0.4998265 0.1865655 0.4998265 0.1865655 0.4958652 0.1865655 0.4958652 0.1865655 0.4998265 0.1865655 0.4932244 0.1865655 0.4932244 0.1865655 0.4932244 0.1865655 0.4998265 0.1865655 0.4998265 0.1865655 0.4932244 0.1865655 0.4932244 0.1865655 0.4932244 0.1865655 0.4998265 0.1865655 0.4958652 0.1865655 0.4958652 0.1865655 0.4998265 0.1865655 0.4998265 0.1937991 0.4958652 0.1937991 0.4892631 0.1865655 0.4958652 0.1865655 0.4892631 0.1865655 0.4958652 0.1937991 0.4892631 0.1937991 0.4892631 0.1865655 0.4958652 0.1865655 0.4892631 0.1865655 0.4958652 0.1937991 0.4892631 0.1937991 0.4958652 0.2011582 0.4958652 0.2011582 0.4892631 0.1937991 0.4958652 0.1937991 0.4892631 0.1937991 0.4958652 0.2011582 0.4892631 0.2011582 0.4892631 0.1937991 0.4958652 0.1937991 0.4892631 0.1937991 0.4958652 0.2011582 0.4892631 0.2011582 0.4958652 0.2086184 0.4958652 0.2086184 0.4892631 0.2011582 0.4958652 0.2011582 0.4892631 0.2011582 0.4958652 0.2086184 0.4892631 0.2086184 0.4892631 0.2011582 0.4958652 0.2011582 0.4892631 0.2011582 0.4958652 0.2086184 0.4892631 0.2086184 0.4958652 0.2161545 0.4958652 0.2161545 0.4892631 0.2086184 0.4958652 0.2086184 0.4892631 0.2086184 0.4958652 0.2161545 0.4892631 0.2161545 0.4892631 0.2086184 0.4958652 0.2086184 0.4892631 0.2086184 0.4958652 0.2161545 0.4892631 0.2161545 0.4958652 0.2237415 0.4958652 0.2237415 0.4892631 0.2161545 0.4958652 0.2161545 0.4892631 0.2161545 0.4958652 0.2237415 0.4892631 0.2237415 0.4892631 0.2161545 0.4958652 0.2161545 0.4892631 0.2161545 0.4958652 0.2237415 0.4892631 0.2237415 0.4958652 0.2313539 0.4958652 0.2313539 0.4892631 0.2237415 0.4958652 0.2237415 0.4892631 0.2237415 0.4958652 0.2313539 0.4892631 0.2313539 0.4892631 0.2237415 0.4958652 0.2237415 0.4892631 0.2237415 0.4958652 0.2313539 0.4892631 0.2313539 0.4958652 0.2389663 0.4958652 0.2389663 0.4892631 0.2313539 0.4958652 0.2313539 0.4892631 0.2313539 0.4958652 0.2389663 0.4892631 0.2389663 0.4892631 0.2313539 0.4958652 0.2313539 0.4892631 0.2313539 0.4958652 0.2389663 0.4892631 0.2389663 0.4958652 0.2465533 0.4958652 0.2465533 0.4892631 0.2389663 0.4958652 0.2389663 0.4892631 0.2389663 0.4958652 0.2465533 0.4892631 0.2465533 0.4892631 0.2389663 0.4958652 0.2389663 0.4892631 0.2389663 0.4958652 0.2465533 0.4892631 0.2465533 0.4958652 0.2540894 0.4958652 0.2540894 0.4892631 0.2465533 0.4958652 0.2465533 0.4892631 0.2465533 0.4958652 0.2540894 0.4892631 0.2540894 0.4892631 0.2465533 0.4958652 0.2465533 0.4892631 0.2465533 0.4958652 0.2540894 0.4892631 0.2540894 0.4958652 0.2615496 0.4958652 0.2615496 0.4892631 0.2540894 0.4958652 0.2540894 0.4892631 0.2540894 0.4958652 0.2615496 0.4892631 0.2615496 0.4892631 0.2540894 0.4958652 0.2540894 0.4892631 0.2540894 0.4958652 0.2615496 0.4892631 0.2615496 0.4958652 0.2689087 0.4958652 0.2689087 0.4892631 0.2615496 0.4958652 0.2615496 0.4892631 0.2615496 0.4958652 0.2689087 0.4892631 0.2689087 0.4892631 0.2615496 0.4958652 0.2615496 0.4892631 0.2615496 0.4958652 0.2689087 0.4892631 0.2689087 0.4958652 0.2761423 0.4958652 0.2761423 0.4892631 0.2689087 0.4958652 0.2689087 0.4892631 0.2689087 0.4958652 0.2761423 0.4892631 0.2761423 0.4892631 0.2689087 0.4958652 0.2689087 0.4892631 0.2689087 0.4958652 0.2761423 0.4892631 0.2761423 0.4958652 0.2950735 0.4998265 0.2950735 0.4932244 0.2761423 0.4998265 0.2761423 0.4932244 0.2761423 0.4998265 0.2950735 0.4932244 0.2950735 0.4932244 0.2761423 0.4998265 0.2761423 0.4932244 0.2761423 0.4998265 0.2950735 0.4932244 0.2950735 0.4998265 0.1865655 0.4998265 0.1865655 0.4998265 0.1865655 0.4932244 0.1865655 0.4932244 0.1865655 0.4932244 0.1865655 0.4998265 0.1865655 0.4998265 0.1865655 0.4932244 0.1865655 0.4932244 0.1865655 0.4932244 0.1865655 0.4998265 0.1865655 0.4998265 0.2950735 0.4892631 0.2950735 0.4958652 0.2846722 0.4892631 0.2846722 0.4958652 0.2846722 0.4892631 0.2950735 0.4958652 0.2950735 0.4958652 0.2846722 0.4892631 0.2846722 0.4958652 0.2846722 0.4892631 0.2950735 0.4958652 0.2950735 0.4892631 0.2846722 0.4892631 0.2846722 0.4958652 0.2741103 0.4892631 0.2741103 0.4958652 0.2741103 0.4892631 0.2846722 0.4958652 0.2846722 0.4958652 0.2741103 0.4892631 0.2741103 0.4958652 0.2741103 0.4892631 0.2846722 0.4958652 0.2846722 0.4892631 0.2741103 0.4892631 0.2741103 0.4958652 0.2634192 0.4892631 0.2634192 0.4958652 0.2634192 0.4892631 0.2741103 0.4958652 0.2741103 0.4958652 0.2634192 0.4892631 0.2634192 0.4958652 0.2634192 0.4892631 0.2741103 0.4958652 0.2741103 0.4892631 0.2634192 0.4892631 0.2634192 0.4958652 0.252631 0.4892631 0.252631 0.4958652 0.252631 0.4892631 0.2634192 0.4958652 0.2634192 0.4958652 0.252631 0.4892631 0.252631 0.4958652 0.252631 0.4892631 0.2634192 0.4958652 0.2634192 0.4892631 0.252631 0.4892631 0.252631 0.4958652 0.2417778 0.4892631 0.2417778 0.4958652 0.2417778 0.4892631 0.252631 0.4958652 0.252631 0.4958652 0.2417778 0.4892631 0.2417778 0.4958652 0.2417778 0.4892631 0.252631 0.4958652 0.252631 0.4892631 0.2417778 0.4892631 0.2417778 0.4958652 0.2308922 0.4892631 0.2308922 0.4958652 0.2308922 0.4892631 0.2417778 0.4958652 0.2417778 0.4958652 0.2308922 0.4892631 0.2308922 0.4958652 0.2308922 0.4892631 0.2417778 0.4958652 0.2417778 0.4892631 0.2308922 0.4892631 0.2308922 0.4958652 0.2200065 0.4892631 0.2200065 0.4958652 0.2200065 0.4892631 0.2308922 0.4958652 0.2308922 0.4958652 0.2200065 0.4892631 0.2200065 0.4958652 0.2200065 0.4892631 0.2308922 0.4958652 0.2308922 0.4892631 0.2200065 0.4892631 0.2200065 0.4958652 0.2091532 0.4892631 0.2091532 0.4958652 0.2091532 0.4892631 0.2200065 0.4958652 0.2200065 0.4958652 0.2091532 0.4892631 0.2091532 0.4958652 0.2091532 0.4892631 0.2200065 0.4958652 0.2200065 0.4892631 0.2091532 0.4892631 0.2091532 0.4958652 0.1983651 0.4892631 0.1983651 0.4958652 0.1983651 0.4892631 0.2091532 0.4958652 0.2091532 0.4958652 0.1983651 0.4892631 0.1983651 0.4958652 0.1983651 0.4892631 0.2091532 0.4958652 0.2091532 0.4892631 0.1983651 0.4892631 0.1983651 0.4958652 0.1876741 0.4892631 0.1876741 0.4958652 0.1876741 0.4892631 0.1983651 0.4958652 0.1983651 0.4958652 0.1876741 0.4892631 0.1876741 0.4958652 0.1876741 0.4892631 0.1983651 0.4958652 0.1983651 0.4892631 0.1876741 0.4892631 0.1876741 0.4958652 0.1771121 0.4892631 0.1771121 0.4958652 0.1771121 0.4892631 0.1876741 0.4958652 0.1876741 0.4958652 0.1771121 0.4892631 0.1771121 0.4958652 0.1771121 0.4892631 0.1876741 0.4958652 0.1876741 0.4892631 0.1771121 0.4958652 0.1756082 0.4958652 0.1771121 0.4892631 0.1756082 0.4892631 0.1771121 0.4892631 0.1756082 0.4958652 0.1756082 0.4958652 0.1771121 0.4892631 0.1756082 0.4892631 0.1771121 0.4892631 0.1756082 0.4958652 0.1771121 0.4958652 0.1756082 0.4958652 0.1742103 0.4958652 0.1756082 0.4892631 0.1742103 0.4892631 0.1756082 0.4892631 0.1742103 0.4958652 0.1742103 0.4958652 0.1756082 0.4892631 0.1742103 0.4892631 0.1756082 0.4892631 0.1742103 0.4958652 0.1756082 0.4958652 0.1742103 0.4958652 0.172922 0.4958652 0.1742103 0.4892631 0.172922 0.4892631 0.1742103 0.4892631 0.172922 0.4958652 0.172922 0.4958652 0.1742103 0.4892631 0.172922 0.4892631 0.1742103 0.4892631 0.172922 0.4958652 0.1742103 0.4958652 0.172922 0.4958652 0.1717465 0.4958652 0.172922 0.4892631 0.1717465 0.4892631 0.172922 0.4892631 0.1717465 0.4958652 0.1717465 0.4958652 0.172922 0.4892631 0.1717465 0.4892631 0.172922 0.4892631 0.1717465 0.4958652 0.172922 0.4958652 0.1717465 0.4958652 0.1706871 0.4958652 0.1717465 0.4892631 0.1706871 0.4892631 0.1717465 0.4892631 0.1706871 0.4958652 0.1706871 0.4958652 0.1717465 0.4892631 0.1706871 0.4892631 0.1717465 0.4892631 0.1706871 0.4958652 0.1717465 0.4958652 0.1706871 0.4958652 0.1697465 0.4958652 0.1706871 0.4892631 0.1697465 0.4892631 0.1706871 0.4892631 0.1697465 0.4958652 0.1697465 0.4958652 0.1706871 0.4892631 0.1697465 0.4892631 0.1706871 0.4892631 0.1697465 0.4958652 0.1706871 0.4958652 0.1697465 0.4958652 0.168927 0.4958652 0.1697465 0.4892631 0.168927 0.4892631 0.1697465 0.4892631 0.168927 0.4958652 0.168927 0.4958652 0.1697465 0.4892631 0.168927 0.4892631 0.1697465 0.4892631 0.168927 0.4958652 0.1697465 0.4958652 0.168927 0.4958652 0.1682309 0.4958652 0.168927 0.4892631 0.1682309 0.4892631 0.168927 0.4892631 0.1682309 0.4958652 0.1682309 0.4958652 0.168927 0.4892631 0.1682309 0.4892631 0.168927 0.4892631 0.1682309 0.4958652 0.168927 0.4958652 0.1682309 0.4958652 0.1676598 0.4958652 0.1682309 0.4892631 0.1676598 0.4892631 0.1682309 0.4892631 0.1676598 0.4958652 0.1676598 0.4958652 0.1682309 0.4892631 0.1676598 0.4892631 0.1682309 0.4892631 0.1676598 0.4958652 0.1682309 0.4958652 0.1676598 0.4958652 0.1672154 0.4958652 0.1676598 0.4892631 0.1672154 0.4892631 0.1676598 0.4892631 0.1672154 0.4958652 0.1672154 0.4958652 0.1676598 0.4892631 0.1672154 0.4892631 0.1676598 0.4892631 0.1672154 0.4958652 0.1676598 0.4958652 0.1672154 0.4958652 0.1668988 0.4958652 0.1672154 0.4892631 0.1668988 0.4892631 0.1672154 0.4892631 0.1668988 0.4958652 0.1668988 0.4958652 0.1672154 0.4892631 0.1668988 0.4892631 0.1672154 0.4892631 0.1668988 0.4958652 0.1672154 0.4958652 0.1668988 0.4958652 0.1667107 0.4958652 0.1668988 0.4892631 0.1667107 0.4892631 0.1668988 0.4892631 0.1667107 0.4958652 0.1667107 0.4958652 0.1668988 0.4892631 0.1667107 0.4892631 0.1668988 0.4892631 0.1667107 0.4958652 0.1668988 0.4958652 0.1667107 0.4848617 0.1865655 0.4848617 0.1668988 0.4848617 0.1668988 0.4848617 0.1865655 0.4848617 0.1672154 0.4848617 0.1672154 0.4848617 0.1865655 0.4848617 0.1676598 0.4848617 0.1676598 0.4848617 0.1865655 0.4848617 0.1682309 0.4848617 0.1682309 0.4848617 0.1865655 0.4848617 0.168927 0.4848617 0.168927 0.4848617 0.1865655 0.4848617 0.1697465 0.4848617 0.1865655 0.4848617 0.1865655 0.4848617 0.1697465 0.4848617 0.1697465 0.4848617 0.1865655 0.4848617 0.1706871 0.4848617 0.1865655 0.4848617 0.1937991 0.4848617 0.1706871 0.4848617 0.1706871 0.4848617 0.1937991 0.4848617 0.1717465 0.4848617 0.1937991 0.4848617 0.2011582 0.4848617 0.1717465 0.4848617 0.1717465 0.4848617 0.2011582 0.4848617 0.172922 0.4848617 0.2011582 0.4848617 0.2086184 0.4848617 0.172922 0.4848617 0.2086184 0.4848617 0.2161545 0.4848617 0.172922 0.4848617 0.172922 0.4848617 0.2161545 0.4848617 0.1742103 0.4848617 0.2161545 0.4848617 0.2237415 0.4848617 0.1742103 0.4848617 0.2237415 0.4848617 0.2313539 0.4848617 0.1742103 0.4848617 0.1742103 0.4848617 0.2313539 0.4848617 0.1756082 0.4848617 0.2313539 0.4848617 0.2950735 0.4848617 0.1756082 0.4848617 0.1756082 0.4848617 0.2950735 0.4848617 0.1771121 0.4848617 0.2950735 0.4848617 0.2846722 0.4848617 0.1771121 0.4848617 0.1771121 0.4848617 0.2846722 0.4848617 0.1876741 0.4848617 0.2846722 0.4848617 0.2741103 0.4848617 0.1876741 0.4848617 0.1876741 0.4848617 0.2741103 0.4848617 0.1983651 0.4848617 0.2741103 0.4848617 0.2634192 0.4848617 0.1983651 0.4848617 0.1983651 0.4848617 0.2634192 0.4848617 0.2091532 0.4848617 0.2634192 0.4848617 0.252631 0.4848617 0.2091532 0.4848617 0.2091532 0.4848617 0.252631 0.4848617 0.2200065 0.4848617 0.252631 0.4848617 0.2417778 0.4848617 0.2200065 0.4848617 0.2308922 0.4848617 0.2200065 0.4848617 0.2417778 0.4848617 0.2761423 0.4848617 0.2950735 0.4848617 0.2689087 0.4848617 0.2689087 0.4848617 0.2950735 0.4848617 0.2615496 0.4848617 0.2615496 0.4848617 0.2950735 0.4848617 0.2540894 0.4848617 0.2540894 0.4848617 0.2950735 0.4848617 0.2465533 0.4848617 0.2950735 0.4848617 0.2950735 0.4848617 0.2465533 0.4848617 0.2465533 0.4848617 0.2950735 0.4848617 0.2389663 0.4848617 0.2313539 0.4848617 0.2389663 0.4848617 0.2950735 0.4848617 0.2950735 0.4848617 0.2389663 0.4848617 0.2313539 0.4848617 0.2389663 0.4848617 0.2950735 0.4848617 0.2465533 0.4848617 0.2465533 0.4848617 0.2950735 0.4848617 0.2950735 0.4848617 0.2465533 0.4848617 0.2950735 0.4848617 0.2540894 0.4848617 0.2540894 0.4848617 0.2950735 0.4848617 0.2615496 0.4848617 0.2615496 0.4848617 0.2950735 0.4848617 0.2689087 0.4848617 0.2689087 0.4848617 0.2950735 0.4848617 0.2761423 0.4848617 0.2417778 0.4848617 0.2200065 0.4848617 0.2308922 0.4848617 0.2200065 0.4848617 0.2417778 0.4848617 0.252631 0.4848617 0.2200065 0.4848617 0.252631 0.4848617 0.2091532 0.4848617 0.2091532 0.4848617 0.252631 0.4848617 0.2634192 0.4848617 0.2091532 0.4848617 0.2634192 0.4848617 0.1983651 0.4848617 0.1983651 0.4848617 0.2634192 0.4848617 0.2741103 0.4848617 0.1983651 0.4848617 0.2741103 0.4848617 0.1876741 0.4848617 0.1876741 0.4848617 0.2741103 0.4848617 0.2846722 0.4848617 0.1876741 0.4848617 0.2846722 0.4848617 0.1771121 0.4848617 0.1771121 0.4848617 0.2846722 0.4848617 0.2950735 0.4848617 0.1771121 0.4848617 0.2950735 0.4848617 0.1756082 0.4848617 0.1756082 0.4848617 0.2950735 0.4848617 0.2313539 0.4848617 0.1756082 0.4848617 0.2313539 0.4848617 0.1742103 0.4848617 0.1742103 0.4848617 0.2313539 0.4848617 0.2237415 0.4848617 0.1742103 0.4848617 0.2237415 0.4848617 0.2161545 0.4848617 0.1742103 0.4848617 0.2161545 0.4848617 0.172922 0.4848617 0.172922 0.4848617 0.2161545 0.4848617 0.2086184 0.4848617 0.172922 0.4848617 0.2086184 0.4848617 0.2011582 0.4848617 0.172922 0.4848617 0.2011582 0.4848617 0.1717465 0.4848617 0.1717465 0.4848617 0.2011582 0.4848617 0.1937991 0.4848617 0.1717465 0.4848617 0.1937991 0.4848617 0.1706871 0.4848617 0.1706871 0.4848617 0.1937991 0.4848617 0.1865655 0.4848617 0.1706871 0.4848617 0.1865655 0.4848617 0.1697465 0.4848617 0.1697465 0.4848617 0.1865655 0.4848617 0.1865655 0.4848617 0.1697465 0.4848617 0.1865655 0.4848617 0.168927 0.4848617 0.168927 0.4848617 0.1865655 0.4848617 0.1682309 0.4848617 0.1682309 0.4848617 0.1865655 0.4848617 0.1676598 0.4848617 0.1676598 0.4848617 0.1865655 0.4848617 0.1672154 0.4848617 0.1672154 0.4848617 0.1865655 0.4848617 0.1668988 0.4848617 0.1668988 0.4848617 0.1865655 0.4848617 0.1667107 0.4848617</float_array>
          <technique_common>
            <accessor source="#ID103-mesh-map-0-array" count="906" stride="2">
              <param name="S" type="float"/>
              <param name="T" type="float"/>
            </accessor>
          </technique_common>
        </source>
        <vertices id="ID103-mesh-vertices">
          <input semantic="POSITION" source="#ID103-mesh-positions"/>
        </vertices>
        <triangles material="steel-security-door-exporter-material" count="302">
          <input semantic="VERTEX" source="#ID103-mesh-vertices" offset="0"/>
          <input semantic="NORMAL" source="#ID103-mesh-normals" offset="1"/>
          <input semantic="TEXCOORD" source="#ID103-mesh-map-0" offset="2" set="0"/>
          <p>0 0 0 1 0 1 2 0 2 1 1 3 3 1 4 2 1 5 3 2 6 4 2 7 2 2 8 4 0 9 5 0 10 2 0 11 6 3 12 7 3 13 8 3 14 8 0 15 7 0 16 5 0 17 2 0 18 5 0 19 7 0 20 9 0 21 10 0 22 11 0 23 10 4 24 12 4 25 11 4 26 12 5 27 13 5 28 11 5 29 13 0 30 14 0 31 11 0 32 14 0 33 15 0 34 11 0 35 15 0 36 16 0 37 11 0 38 11 0 39 16 0 40 17 0 41 16 0 42 18 0 43 17 0 44 17 0 45 18 0 46 19 0 47 18 6 48 20 6 49 19 6 50 19 0 51 20 0 52 21 0 53 20 0 54 22 0 55 21 0 56 21 0 57 22 0 58 23 0 59 23 0 60 22 0 61 24 0 62 22 7 63 25 7 64 24 7 65 24 8 66 25 8 67 26 8 68 26 0 69 25 0 70 6 0 71 25 0 72 27 0 73 6 0 74 6 9 75 27 9 76 7 9 77 7 0 78 27 0 79 28 0 80 27 0 81 29 0 82 28 0 83 28 0 84 29 0 85 30 0 86 29 0 87 31 0 88 30 0 89 31 0 90 32 0 91 30 0 92 30 0 93 32 0 94 33 0 95 33 10 96 32 10 97 34 10 98 32 0 99 35 0 100 34 0 101 34 0 102 35 0 103 36 0 104 35 0 105 37 0 106 36 0 107 38 0 108 36 0 109 37 0 110 39 11 111 40 11 112 41 11 113 40 12 114 39 12 115 42 12 116 40 13 117 42 13 118 43 13 119 43 14 120 42 14 121 44 14 122 43 13 123 44 13 124 45 13 125 45 13 126 44 13 127 46 13 128 46 15 129 44 15 130 47 15 131 46 16 132 47 16 133 48 16 134 46 13 135 48 13 136 49 13 137 49 17 138 48 17 139 50 17 140 49 13 141 50 13 142 51 13 143 51 18 144 50 18 145 52 18 146 52 19 147 50 19 148 53 19 149 52 20 150 53 20 151 54 20 152 54 13 153 53 13 154 55 13 155 55 21 156 53 21 157 56 21 158 55 13 159 56 13 160 57 13 161 57 13 162 56 13 163 58 13 164 58 22 165 56 22 166 59 22 167 58 13 168 59 13 169 60 13 170 60 23 171 59 23 172 61 23 173 60 13 174 61 13 175 62 13 176 62 24 177 61 24 178 63 24 179 62 13 180 63 13 181 64 13 182 64 25 183 63 25 184 65 25 185 64 26 186 65 26 187 66 26 188 64 27 189 66 27 190 67 27 191 64 28 192 67 28 193 68 28 194 64 29 195 68 29 196 69 29 197 64 30 198 69 30 199 70 30 200 51 13 201 71 13 202 72 13 203 71 13 204 51 13 205 73 13 206 73 31 207 51 31 208 52 31 209 72 32 210 71 32 211 74 32 212 72 33 213 74 33 214 75 33 215 72 34 216 75 34 217 76 34 218 72 35 219 76 35 220 77 35 221 117 36 222 118 36 223 119 36 224 119 36 225 118 36 226 120 36 227 121 36 228 120 36 229 118 36 230 122 37 231 123 37 232 124 37 233 123 37 234 122 37 235 125 37 236 125 37 237 122 37 238 126 37 239 130 38 240 131 38 241 132 39 242 133 39 243 132 39 244 131 38 245 134 40 246 135 41 247 136 41 248 135 41 249 134 40 250 137 40 251 139 42 252 140 42 253 130 38 254 131 38 255 130 38 256 140 42 257 141 43 258 137 40 259 134 40 260 137 40 261 141 43 262 142 43 263 144 44 264 145 44 265 139 42 266 140 42 267 139 42 268 145 44 269 146 45 270 142 43 271 141 43 272 142 43 273 146 45 274 147 45 275 149 46 276 150 46 277 144 44 278 145 44 279 144 44 280 150 46 281 151 47 282 147 45 283 146 45 284 147 45 285 151 47 286 152 47 287 154 48 288 155 48 289 149 46 290 150 46 291 149 46 292 155 48 293 156 49 294 152 47 295 151 47 296 152 47 297 156 49 298 157 49 299 159 50 300 160 50 301 154 48 302 155 48 303 154 48 304 160 50 305 161 51 306 157 49 307 156 49 308 157 49 309 161 51 310 162 51 311 164 52 312 165 52 313 159 50 314 160 50 315 159 50 316 165 52 317 166 53 318 162 51 319 161 51 320 162 51 321 166 53 322 167 53 323 169 54 324 170 54 325 164 52 326 165 52 327 164 52 328 170 54 329 171 55 330 167 53 331 166 53 332 167 53 333 171 55 334 172 55 335 174 56 336 175 56 337 169 54 338 170 54 339 169 54 340 175 56 341 176 57 342 172 55 343 171 55 344 172 55 345 176 57 346 177 57 347 179 58 348 180 58 349 174 56 350 175 56 351 174 56 352 180 58 353 181 59 354 177 57 355 176 57 356 177 57 357 181 59 358 182 59 359 184 60 360 185 60 361 179 58 362 180 58 363 179 58 364 185 60 365 186 61 366 182 59 367 181 59 368 182 59 369 186 61 370 187 61 371 189 62 372 190 62 373 184 60 374 185 60 375 184 60 376 190 62 377 191 63 378 187 61 379 186 61 380 187 61 381 191 63 382 192 63 383 194 50 384 195 50 385 196 50 386 197 50 387 196 50 388 195 50 389 198 51 390 199 51 391 200 51 392 199 51 393 198 51 394 201 51 395 203 36 396 204 36 397 205 36 398 206 36 399 205 36 400 204 36 401 207 37 402 208 37 403 209 37 404 208 37 405 207 37 406 210 37 407 212 64 408 213 64 409 214 65 410 215 65 411 214 65 412 213 64 413 216 66 414 217 67 415 218 67 416 217 67 417 216 66 418 219 66 419 214 65 420 215 65 421 221 68 422 222 68 423 221 68 424 215 65 425 218 67 426 223 69 427 224 69 428 223 69 429 218 67 430 217 67 431 221 68 432 222 68 433 226 70 434 227 70 435 226 70 436 222 68 437 224 69 438 228 71 439 229 71 440 228 71 441 224 69 442 223 69 443 226 70 444 227 70 445 231 72 446 232 72 447 231 72 448 227 70 449 229 71 450 233 73 451 234 73 452 233 73 453 229 71 454 228 71 455 231 72 456 232 72 457 236 74 458 237 74 459 236 74 460 232 72 461 234 73 462 238 75 463 239 75 464 238 75 465 234 73 466 233 73 467 236 74 468 237 74 469 241 51 470 242 51 471 241 51 472 237 74 473 239 75 474 243 50 475 244 50 476 243 50 477 239 75 478 238 75 479 241 51 480 242 51 481 246 76 482 247 76 483 246 76 484 242 51 485 244 50 486 248 77 487 249 77 488 248 77 489 244 50 490 243 50 491 246 76 492 247 76 493 251 78 494 252 79 495 251 78 496 247 76 497 249 77 498 253 80 499 254 81 500 253 80 501 249 77 502 248 77 503 251 78 504 252 79 505 256 82 506 257 82 507 256 82 508 252 79 509 254 81 510 258 83 511 259 83 512 258 83 513 254 81 514 253 80 515 256 82 516 257 82 517 261 84 518 262 84 519 261 84 520 257 82 521 259 83 522 263 85 523 264 85 524 263 85 525 259 83 526 258 83 527 261 84 528 262 84 529 266 86 530 267 86 531 266 86 532 262 84 533 264 85 534 268 87 535 269 87 536 268 87 537 264 85 538 263 85 539 271 88 540 272 89 541 273 88 542 274 89 543 273 88 544 272 89 545 275 90 546 276 91 547 277 90 548 276 91 549 275 90 550 278 91 551 272 89 552 280 92 553 274 89 554 281 92 555 274 89 556 280 92 557 282 93 558 277 90 559 283 93 560 277 90 561 282 93 562 275 90 563 280 92 564 285 94 565 281 92 566 286 94 567 281 92 568 285 94 569 287 95 570 283 93 571 288 95 572 283 93 573 287 95 574 282 93 575 285 94 576 290 96 577 286 94 578 291 96 579 286 94 580 290 96 581 292 97 582 288 95 583 293 97 584 288 95 585 292 97 586 287 95 587 290 96 588 295 98 589 291 96 590 296 98 591 291 96 592 295 98 593 297 99 594 293 97 595 298 99 596 293 97 597 297 99 598 292 97 599 295 98 600 300 100 601 296 98 602 301 100 603 296 98 604 300 100 605 302 101 606 298 99 607 303 101 608 298 99 609 302 101 610 297 99 611 300 100 612 305 102 613 301 100 614 306 102 615 301 100 616 305 102 617 307 103 618 303 101 619 308 103 620 303 101 621 307 103 622 302 101 623 305 102 624 310 104 625 306 102 626 311 104 627 306 102 628 310 104 629 312 105 630 308 103 631 313 105 632 308 103 633 312 105 634 307 103 635 310 104 636 315 106 637 311 104 638 316 106 639 311 104 640 315 106 641 317 107 642 313 105 643 318 107 644 313 105 645 317 107 646 312 105 647 315 106 648 320 108 649 316 106 650 321 108 651 316 106 652 320 108 653 322 109 654 318 107 655 323 109 656 318 107 657 322 109 658 317 107 659 320 108 660 325 110 661 321 108 662 326 110 663 321 108 664 325 110 665 327 111 666 323 109 667 328 111 668 323 109 669 327 111 670 322 109 671 325 110 672 330 112 673 326 110 674 331 112 675 326 110 676 330 112 677 332 113 678 328 111 679 333 113 680 328 111 681 332 113 682 327 111 683 335 13 684 336 13 685 337 13 686 337 13 687 336 13 688 338 13 689 338 13 690 336 13 691 339 13 692 339 114 693 336 114 694 340 114 695 340 115 696 336 115 697 341 115 698 341 13 699 336 13 700 342 13 701 336 13 702 343 13 703 342 13 704 342 13 705 343 13 706 344 13 707 343 116 708 345 116 709 344 116 710 344 13 711 345 13 712 346 13 713 345 13 714 347 13 715 346 13 716 346 13 717 347 13 718 348 13 719 347 13 720 349 13 721 348 13 722 349 13 723 350 13 724 348 13 725 348 13 726 350 13 727 351 13 728 350 13 729 352 13 730 351 13 731 352 13 732 353 13 733 351 13 734 351 13 735 353 13 736 354 13 737 353 117 738 355 117 739 354 117 740 354 13 741 355 13 742 356 13 743 355 13 744 357 13 745 356 13 746 356 13 747 357 13 748 358 13 749 357 13 750 359 13 751 358 13 752 358 118 753 359 118 754 360 118 755 359 119 756 361 119 757 360 119 758 360 13 759 361 13 760 362 13 761 361 13 762 363 13 763 362 13 764 362 120 765 363 120 766 364 120 767 363 13 768 365 13 769 364 13 770 366 13 771 364 13 772 365 13 773 367 13 774 368 13 775 369 13 776 369 13 777 368 13 778 370 13 779 370 13 780 368 13 781 371 13 782 371 13 783 368 13 784 372 13 785 368 13 786 355 13 787 372 13 788 372 13 789 355 13 790 373 13 791 353 121 792 373 121 793 355 121 794 374 122 795 375 122 796 376 122 797 375 0 798 374 0 799 377 0 800 377 0 801 374 0 802 378 0 803 377 0 804 378 0 805 379 0 806 379 2 807 378 2 808 380 2 809 380 0 810 378 0 811 381 0 812 381 0 813 378 0 814 382 0 815 383 123 816 384 123 817 385 123 818 384 124 819 383 124 820 386 124 821 384 125 822 386 125 823 387 125 824 387 126 825 386 126 826 388 126 827 387 0 828 388 0 829 389 0 830 389 127 831 388 127 832 390 127 833 389 128 834 390 128 835 391 128 836 391 0 837 390 0 838 392 0 839 391 0 840 392 0 841 393 0 842 393 0 843 392 0 844 374 0 845 393 0 846 374 0 847 394 0 848 394 129 849 374 129 850 376 129 851 394 0 852 376 0 853 395 0 854 395 130 855 376 130 856 396 130 857 395 0 858 396 0 859 397 0 860 395 0 861 397 0 862 398 0 863 398 131 864 397 131 865 399 131 866 398 132 867 399 132 868 400 132 869 398 0 870 400 0 871 401 0 872 401 0 873 400 0 874 402 0 875 401 0 876 402 0 877 403 0 878 403 133 879 402 133 880 404 133 881 403 0 882 404 0 883 405 0 884 405 0 885 404 0 886 406 0 887 405 0 888 406 0 889 407 0 890 407 134 891 406 134 892 408 134 893 408 135 894 406 135 895 409 135 896 409 0 897 406 0 898 410 0 899 410 0 900 406 0 901 411 0 902 411 0 903 406 0 904 412 0 905</p>
        </triangles>
      </mesh>
    </geometry>
    <geometry id="ID95-mesh" name="ID95">
      <mesh>
        <source id="ID95-mesh-positions">
          <float_array id="ID95-mesh-positions-array" count="348">82.6061 236.0384 11.86487 82.6061 27.04173 11.86487 20.92189 236.0384 11.86487 20.92189 27.04173 11.86487 82.6061 27.04173 11.86487 20.92189 236.0384 11.86487 20.92189 27.04173 11.86487 82.6061 236.0384 11.86487 82.6061 27.04173 11.86487 82.6061 236.0384 11.86487 20.92189 236.0384 11.86487 20.92189 27.04173 11.86487 82.6061 27.04173 11.86487 82.6061 236.0384 11.86487 85.57764 239.01 10.48987 85.57764 239.01 10.48987 82.6061 236.0384 11.86487 82.6061 27.04173 11.86487 85.57764 239.01 10.48987 82.6061 236.0384 11.86487 20.92189 236.0384 11.86487 85.57764 239.01 10.48987 85.57764 239.01 10.48987 20.92189 236.0384 11.86487 82.6061 236.0384 11.86487 20.92189 27.04173 11.86487 17.95035 24.0702 10.48987 20.92189 236.0384 11.86487 20.92189 236.0384 11.86487 17.95035 24.0702 10.48987 20.92189 27.04173 11.86487 17.95035 24.0702 10.48987 20.92189 27.04173 11.86487 82.6061 27.04173 11.86487 85.57764 24.0702 10.48987 85.57764 24.0702 10.48987 82.6061 27.04173 11.86487 20.92189 27.04173 11.86487 85.57764 24.0702 10.48987 85.57764 24.0702 10.48987 82.6061 27.04173 11.86487 85.57764 239.01 10.48987 85.57764 239.01 10.48987 82.6061 27.04173 11.86487 85.57764 24.0702 10.48987 20.92189 236.0384 11.86487 17.95035 239.01 10.48987 85.57764 239.01 10.48987 85.57764 239.01 10.48987 17.95035 239.01 10.48987 20.92189 236.0384 11.86487 17.95035 239.01 10.48987 17.95035 24.0702 10.48987 17.95035 239.01 10.48987 20.92189 236.0384 11.86487 20.92189 236.0384 11.86487 17.95035 239.01 10.48987 17.95035 24.0702 10.48987 17.95035 24.0702 10.48987 20.92189 27.04173 11.86487 85.57764 24.0702 10.48987 85.57764 24.0702 10.48987 20.92189 27.04173 11.86487 17.95035 24.0702 10.48987 85.57764 24.0702 10.48987 85.57764 239.01 10.48987 88.17024 21.47759 11.86487 88.17024 21.47759 11.86487 85.57764 239.01 10.48987 85.57764 24.0702 10.48987 88.17024 21.47759 11.86487 85.57764 239.01 10.48987 17.95035 239.01 10.48987 88.17024 241.6026 11.86487 88.17024 241.6026 11.86487 17.95035 239.01 10.48987 85.57764 239.01 10.48987 88.17024 241.6026 11.86487 17.95035 24.0702 10.48987 15.35774 21.47759 11.86487 17.95035 239.01 10.48987 17.95035 239.01 10.48987 15.35774 21.47759 11.86487 17.95035 24.0702 10.48987 15.35774 21.47759 11.86487 17.95035 24.0702 10.48987 85.57764 24.0702 10.48987 88.17024 21.47759 11.86487 88.17024 21.47759 11.86487 85.57764 24.0702 10.48987 17.95035 24.0702 10.48987 88.17024 21.47759 11.86487 85.57764 239.01 10.48987 88.17024 241.6026 11.86487 88.17024 241.6026 11.86487 85.57764 239.01 10.48987 88.17024 21.47759 11.86487 17.95035 239.01 10.48987 15.35774 241.6026 11.86487 88.17024 241.6026 11.86487 88.17024 241.6026 11.86487 15.35774 241.6026 11.86487 17.95035 239.01 10.48987 15.35774 241.6026 11.86487 15.35774 21.47759 11.86487 17.95035 24.0702 10.48987 88.17024 21.47759 11.86487 88.17024 21.47759 11.86487 17.95035 24.0702 10.48987 15.35774 21.47759 11.86487 15.35774 21.47759 11.86487 15.35774 241.6026 11.86487 17.95035 239.01 10.48987 17.95035 239.01 10.48987 15.35774 241.6026 11.86487 15.35774 21.47759 11.86487</float_array>
          <technique_common>
            <accessor source="#ID95-mesh-positions-array" count="116" stride="3">
              <param name="X" type="float"/>
              <param name="Y" type="float"/>
              <param name="Z" type="float"/>
            </accessor>
          </technique_common>
        </source>
        <source id="ID95-mesh-normals">
          <float_array id="ID95-mesh-normals-array" count="102">0 0 -1 0 0 1 -0.4199439 0 -0.9075502 0.4199436 0 0.9075502 0 -0.4199336 -0.9075549 0 0.4199336 0.9075549 0.4199445 0 -0.9075498 -0.4199445 0 0.9075498 0 0.4199457 -0.9075493 0 -0.4199456 0.9075494 -0.4199443 0 -0.9075499 0.4199444 0 0.9075499 0 -0.4199379 -0.907553 0 0.4199386 0.9075525 0.4199442 0 -0.90755 -0.4199439 0 0.9075502 0 0.4199458 -0.9075492 0 -0.4199457 0.9075493 0.4685395 0 -0.8834426 -0.4685395 0 0.8834426 0 0.4685357 -0.8834446 0 -0.4685357 0.8834446 -0.4685378 0 -0.8834435 0.4685376 0 0.8834437 0 -0.4685373 -0.8834437 0 0.4685372 0.8834438 0.4685391 0 -0.8834428 -0.4685391 0 0.8834428 0 0.4685469 -0.8834387 0 -0.4685436 0.8834404 0 -0.468537 -0.8834439 0 0.468537 0.883444 -0.4685373 0 -0.8834437 0.4685373 0 0.8834437</float_array>
          <technique_common>
            <accessor source="#ID95-mesh-normals-array" count="34" stride="3">
              <param name="X" type="float"/>
              <param name="Y" type="float"/>
              <param name="Z" type="float"/>
            </accessor>
          </technique_common>
        </source>
        <source id="ID95-mesh-map-0">
          <float_array id="ID95-mesh-map-0-array" count="216">0.7199889 0.8526449 0.7199889 0.116741 0.2642792 0.8526449 0.2642792 0.116741 0.2642792 0.8526449 0.7199889 0.116741 0.7199889 0.116741 0.2642792 0.8526449 0.2642792 0.116741 0.2642792 0.8526449 0.7199889 0.116741 0.7199889 0.8526449 0.7199889 0.116741 0.7199889 0.8526449 0.741942 0.8631081 0.741942 0.8631081 0.7199889 0.8526449 0.7199889 0.116741 0.7199889 0.8526449 0.2642792 0.8526449 0.741942 0.8631081 0.741942 0.8631081 0.2642792 0.8526449 0.7199889 0.8526449 0.2642792 0.116741 0.2423262 0.1062778 0.2642792 0.8526449 0.2642792 0.8526449 0.2423262 0.1062778 0.2642792 0.116741 0.2642792 0.116741 0.7199889 0.116741 0.741942 0.1062778 0.741942 0.1062778 0.7199889 0.116741 0.2642792 0.116741 0.741942 0.1062778 0.7199889 0.116741 0.741942 0.8631081 0.741942 0.8631081 0.7199889 0.116741 0.741942 0.1062778 0.2642792 0.8526449 0.2423262 0.8631081 0.741942 0.8631081 0.741942 0.8631081 0.2423262 0.8631081 0.2642792 0.8526449 0.2423262 0.1062778 0.2423262 0.8631081 0.2642792 0.8526449 0.2642792 0.8526449 0.2423262 0.8631081 0.2423262 0.1062778 0.2423262 0.1062778 0.2642792 0.116741 0.741942 0.1062778 0.741942 0.1062778 0.2642792 0.116741 0.2423262 0.1062778 0.741942 0.1062778 0.741942 0.8631081 0.7610956 0.09714889 0.7610956 0.09714889 0.741942 0.8631081 0.741942 0.1062778 0.741942 0.8631081 0.2423262 0.8631081 0.7610956 0.872237 0.7610956 0.872237 0.2423262 0.8631081 0.741942 0.8631081 0.2423262 0.1062778 0.2231725 0.09714889 0.2423262 0.8631081 0.2423262 0.8631081 0.2231725 0.09714889 0.2423262 0.1062778 0.2423262 0.1062778 0.741942 0.1062778 0.7610956 0.09714889 0.7610956 0.09714889 0.741942 0.1062778 0.2423262 0.1062778 0.7610956 0.09714889 0.741942 0.8631081 0.7610956 0.872237 0.7610956 0.872237 0.741942 0.8631081 0.7610956 0.09714889 0.2423262 0.8631081 0.2231725 0.872237 0.7610956 0.872237 0.7610956 0.872237 0.2231725 0.872237 0.2423262 0.8631081 0.2231725 0.09714889 0.2423262 0.1062778 0.7610956 0.09714889 0.7610956 0.09714889 0.2423262 0.1062778 0.2231725 0.09714889 0.2231725 0.09714889 0.2231725 0.872237 0.2423262 0.8631081 0.2423262 0.8631081 0.2231725 0.872237 0.2231725 0.09714889</float_array>
          <technique_common>
            <accessor source="#ID95-mesh-map-0-array" count="108" stride="2">
              <param name="S" type="float"/>
              <param name="T" type="float"/>
            </accessor>
          </technique_common>
        </source>
        <vertices id="ID95-mesh-vertices">
          <input semantic="POSITION" source="#ID95-mesh-positions"/>
        </vertices>
        <triangles material="steel-security-door-exporter-material" count="36">
          <input semantic="VERTEX" source="#ID95-mesh-vertices" offset="0"/>
          <input semantic="NORMAL" source="#ID95-mesh-normals" offset="1"/>
          <input semantic="TEXCOORD" source="#ID95-mesh-map-0" offset="2" set="0"/>
          <p>0 0 0 1 0 1 2 0 2 3 0 3 2 0 4 1 0 5 4 1 6 5 1 7 6 1 8 5 1 9 4 1 10 7 1 11 12 2 12 13 2 13 14 2 14 15 3 15 16 3 16 17 3 17 19 4 18 20 4 19 21 4 20 22 5 21 23 5 22 24 5 23 25 6 24 26 6 25 27 6 26 28 7 27 29 7 28 30 7 29 32 8 30 33 8 31 34 8 32 35 9 33 36 9 34 37 9 35 39 10 36 40 10 37 41 10 38 42 11 39 43 11 40 44 11 41 45 12 42 46 12 43 47 12 44 48 13 45 49 13 46 50 13 47 52 14 48 53 14 49 54 14 50 55 15 51 56 15 52 57 15 53 58 16 54 59 16 55 60 16 56 61 17 57 62 17 58 63 17 59 64 18 60 65 18 61 66 18 62 67 19 63 68 19 64 69 19 65 71 20 66 72 20 67 73 20 68 74 21 69 75 21 70 76 21 71 78 22 72 79 22 73 80 22 74 81 23 75 82 23 76 83 23 77 85 24 78 86 24 79 87 24 80 88 25 81 89 25 82 90 25 83 91 26 84 92 26 85 93 26 86 94 27 87 95 27 88 96 27 89 97 28 90 98 28 91 99 28 92 100 29 93 101 29 94 102 29 95 104 30 96 105 30 97 106 30 98 107 31 99 108 31 100 109 31 101 110 32 102 111 32 103 112 32 104 113 33 105 114 33 106 115 33 107</p>
        </triangles>
      </mesh>
    </geometry>
    <geometry id="ID87-mesh" name="ID87">
      <mesh>
        <source id="ID87-mesh-positions">
          <float_array id="ID87-mesh-positions-array" count="312">104.4375 0 11.86487 88.17024 241.6026 11.86487 104.4375 263.125 11.86487 15.35774 241.6026 11.86487 15.35774 21.47759 11.86487 13.09016 145.9597 11.86487 4.527662 145.9597 11.86487 4.527662 111.4597 11.86487 0 263.125 11.86487 88.17024 21.47759 11.86487 13.09016 111.4597 11.86487 0 0 11.86487 0 0 11.86487 4.527662 111.4597 11.86487 0 263.125 11.86487 15.35774 21.47759 11.86487 104.4375 0 11.86487 13.09016 111.4597 11.86487 13.09016 145.9597 11.86487 88.17024 21.47759 11.86487 88.17024 241.6026 11.86487 15.35774 241.6026 11.86487 104.4375 263.125 11.86487 4.527662 145.9597 11.86487 0 0 11.86487 104.4375 0 11.86487 104.4375 263.125 11.86487 0 263.125 11.86487 15.35774 21.47759 11.86487 88.17024 21.47759 11.86487 15.35774 241.6026 11.86487 88.17024 241.6026 11.86487 4.527662 145.9597 11.86487 4.527662 111.4597 11.86487 13.09016 145.9597 11.86487 13.09016 111.4597 11.86487 0 0 11.86487 104.4375 0 11.86487 0 0 6.864868 104.4375 0 6.864868 104.4375 0 11.86487 0 0 6.864868 104.4375 0 6.864868 0 0 11.86487 0 0 6.864868 104.4375 0 6.864868 104.4375 263.125 11.86487 104.4375 263.125 6.864868 104.4375 0 11.86487 104.4375 0 6.864868 104.4375 263.125 6.864868 104.4375 0 11.86487 104.4375 0 6.864868 104.4375 263.125 11.86487 104.4375 263.125 6.864868 104.4375 263.125 11.86487 0 263.125 11.86487 104.4375 263.125 6.864868 0 263.125 6.864868 0 263.125 11.86487 104.4375 263.125 6.864868 0 263.125 6.864868 104.4375 263.125 11.86487 0 263.125 6.864868 0 263.125 6.864868 0 263.125 11.86487 0 0 6.864868 0 0 11.86487 0 263.125 11.86487 0 0 6.864868 0 0 11.86487 0 263.125 6.864868 104.4375 263.125 6.864868 88.17024 21.47759 6.864868 104.4375 0 6.864868 15.35774 21.47759 6.864868 15.35774 241.6026 6.864868 13.09016 111.4597 6.864868 4.527662 111.4597 6.864868 4.527662 145.9597 6.864868 0 0 6.864868 88.17024 241.6026 6.864868 13.09016 145.9597 6.864868 0 263.125 6.864868 0 263.125 6.864868 4.527662 145.9597 6.864868 0 0 6.864868 15.35774 241.6026 6.864868 104.4375 263.125 6.864868 13.09016 145.9597 6.864868 13.09016 111.4597 6.864868 88.17024 241.6026 6.864868 88.17024 21.47759 6.864868 15.35774 21.47759 6.864868 104.4375 0 6.864868 4.527662 111.4597 6.864868 15.35774 21.47759 6.864868 88.17024 21.47759 6.864868 88.17024 241.6026 6.864868 15.35774 241.6026 6.864868 4.527662 145.9597 6.864868 4.527662 111.4597 6.864868 13.09016 111.4597 6.864868 13.09016 145.9597 6.864868</float_array>
          <technique_common>
            <accessor source="#ID87-mesh-positions-array" count="104" stride="3">
              <param name="X" type="float"/>
              <param name="Y" type="float"/>
              <param name="Z" type="float"/>
            </accessor>
          </technique_common>
        </source>
        <source id="ID87-mesh-normals">
          <float_array id="ID87-mesh-normals-array" count="81">0 0 -1 0 0 -1 -1.56296e-6 0 -1 0 0 -1 4.09858e-7 0 -1 -4.09858e-7 0 1 0 0 1 0 0 1 1.56296e-6 0 1 0 1 0 0 -1 0 -1 0 0 1 0 0 0 0 1 2.44556e-7 0 1 -7.81478e-7 0 1 0 0 1 0 0 1 -1.56037e-6 0 1 0 0 1 0 0 -1 0 0 -1 1.56037e-6 0 -1 0 0 -1 0 0 -1 7.81478e-7 0 -1 -2.44556e-7 0 -1</float_array>
          <technique_common>
            <accessor source="#ID87-mesh-normals-array" count="27" stride="3">
              <param name="X" type="float"/>
              <param name="Y" type="float"/>
              <param name="Z" type="float"/>
            </accessor>
          </technique_common>
        </source>
        <source id="ID87-mesh-map-0">
          <float_array id="ID87-mesh-map-0-array" count="432">0.8812746 0.02152359 0.7610956 0.872237 0.8812746 0.9480201 0.7610956 0.872237 0.2231725 0.872237 0.8812746 0.9480201 0.2231725 0.09714889 0.2064201 0.5354662 0.2231725 0.872237 0.2064201 0.5354662 0.1431622 0.5354662 0.2231725 0.872237 0.1431622 0.4139873 0.1097128 0.9480201 0.1431622 0.5354662 0.1431622 0.5354662 0.1097128 0.9480201 0.2231725 0.872237 0.8812746 0.9480201 0.2231725 0.872237 0.1097128 0.9480201 0.7610956 0.872237 0.8812746 0.02152359 0.7610956 0.09714889 0.7610956 0.09714889 0.8812746 0.02152359 0.2231725 0.09714889 0.2064201 0.5354662 0.2231725 0.09714889 0.2064201 0.4139873 0.2064201 0.4139873 0.2231725 0.09714889 0.1431622 0.4139873 0.8812746 0.02152359 0.1097128 0.02152359 0.2231725 0.09714889 0.2231725 0.09714889 0.1097128 0.02152359 0.1431622 0.4139873 0.1097128 0.9480201 0.1431622 0.4139873 0.1097128 0.02152359 0.1097128 0.02152359 0.1431622 0.4139873 0.1097128 0.9480201 0.1431622 0.4139873 0.1097128 0.02152359 0.2231725 0.09714889 0.2231725 0.09714889 0.1097128 0.02152359 0.8812746 0.02152359 0.1431622 0.4139873 0.2231725 0.09714889 0.2064201 0.4139873 0.2064201 0.4139873 0.2231725 0.09714889 0.2064201 0.5354662 0.2231725 0.09714889 0.8812746 0.02152359 0.7610956 0.09714889 0.7610956 0.09714889 0.8812746 0.02152359 0.7610956 0.872237 0.1097128 0.9480201 0.2231725 0.872237 0.8812746 0.9480201 0.2231725 0.872237 0.1097128 0.9480201 0.1431622 0.5354662 0.1431622 0.5354662 0.1097128 0.9480201 0.1431622 0.4139873 0.2231725 0.872237 0.1431622 0.5354662 0.2064201 0.5354662 0.2231725 0.872237 0.2064201 0.5354662 0.2231725 0.09714889 0.8812746 0.9480201 0.2231725 0.872237 0.7610956 0.872237 0.8812746 0.9480201 0.7610956 0.872237 0.8812746 0.02152359 0.1097128 0.02152359 0.8812746 0.02152359 0.1097128 0.02152359 0.8812746 0.02152359 0.1097128 0.02152359 0.8812746 0.02152359 0.8812746 0.02152359 0.1097128 0.02152359 0.8812746 0.02152359 0.1097128 0.02152359 0.8812746 0.02152359 0.1097128 0.02152359 0.8812746 0.9480201 0.8812746 0.9480201 0.8812746 0.02152359 0.8812746 0.02152359 0.8812746 0.02152359 0.8812746 0.9480201 0.8812746 0.9480201 0.8812746 0.02152359 0.8812746 0.02152359 0.8812746 0.02152359 0.8812746 0.9480201 0.8812746 0.9480201 0.8812746 0.9480201 0.1097128 0.9480201 0.8812746 0.9480201 0.1097128 0.9480201 0.8812746 0.9480201 0.1097128 0.9480201 0.1097128 0.9480201 0.8812746 0.9480201 0.1097128 0.9480201 0.8812746 0.9480201 0.1097128 0.9480201 0.8812746 0.9480201 0.1097128 0.9480201 0.1097128 0.9480201 0.1097128 0.02152359 0.1097128 0.02152359 0.1097128 0.02152359 0.1097128 0.9480201 0.1097128 0.9480201 0.1097128 0.02152359 0.1097128 0.02152359 0.1097128 0.02152359 0.1097128 0.9480201 0.1097128 0.9480201 0.8812746 0.9480201 0.7610956 0.09714889 0.8812746 0.02152359 0.7610956 0.09714889 0.2231725 0.09714889 0.8812746 0.02152359 0.2231725 0.872237 0.2064201 0.4139873 0.2231725 0.09714889 0.2064201 0.4139873 0.1431622 0.4139873 0.2231725 0.09714889 0.1431622 0.5354662 0.1097128 0.02152359 0.1431622 0.4139873 0.1431622 0.4139873 0.1097128 0.02152359 0.2231725 0.09714889 0.8812746 0.02152359 0.2231725 0.09714889 0.1097128 0.02152359 0.7610956 0.09714889 0.8812746 0.9480201 0.7610956 0.872237 0.7610956 0.872237 0.8812746 0.9480201 0.2231725 0.872237 0.2064201 0.4139873 0.2231725 0.872237 0.2064201 0.5354662 0.2064201 0.5354662 0.2231725 0.872237 0.1431622 0.5354662 0.8812746 0.9480201 0.1097128 0.9480201 0.2231725 0.872237 0.2231725 0.872237 0.1097128 0.9480201 0.1431622 0.5354662 0.1097128 0.02152359 0.1431622 0.5354662 0.1097128 0.9480201 0.1097128 0.9480201 0.1431622 0.5354662 0.1097128 0.02152359 0.1431622 0.5354662 0.1097128 0.9480201 0.2231725 0.872237 0.2231725 0.872237 0.1097128 0.9480201 0.8812746 0.9480201 0.1431622 0.5354662 0.2231725 0.872237 0.2064201 0.5354662 0.2064201 0.5354662 0.2231725 0.872237 0.2064201 0.4139873 0.2231725 0.872237 0.8812746 0.9480201 0.7610956 0.872237 0.7610956 0.872237 0.8812746 0.9480201 0.7610956 0.09714889 0.1097128 0.02152359 0.2231725 0.09714889 0.8812746 0.02152359 0.2231725 0.09714889 0.1097128 0.02152359 0.1431622 0.4139873 0.1431622 0.4139873 0.1097128 0.02152359 0.1431622 0.5354662 0.2231725 0.09714889 0.1431622 0.4139873 0.2064201 0.4139873 0.2231725 0.09714889 0.2064201 0.4139873 0.2231725 0.872237 0.8812746 0.02152359 0.2231725 0.09714889 0.7610956 0.09714889 0.8812746 0.02152359 0.7610956 0.09714889 0.8812746 0.9480201</float_array>
          <technique_common>
            <accessor source="#ID87-mesh-map-0-array" count="216" stride="2">
              <param name="S" type="float"/>
              <param name="T" type="float"/>
            </accessor>
          </technique_common>
        </source>
        <vertices id="ID87-mesh-vertices">
          <input semantic="POSITION" source="#ID87-mesh-positions"/>
        </vertices>
        <lines count="12">
          <input semantic="VERTEX" source="#ID87-mesh-vertices" offset="0"/>
          <p>24 25 25 26 26 27 27 24 44 45 45 25 44 24 45 54 54 26 54 63 63 27 63 44</p>
        </lines>
        <triangles material="steel-security-door-exporter-material" count="72">
          <input semantic="VERTEX" source="#ID87-mesh-vertices" offset="0"/>
          <input semantic="NORMAL" source="#ID87-mesh-normals" offset="1"/>
          <input semantic="TEXCOORD" source="#ID87-mesh-map-0" offset="2" set="0"/>
          <p>0 0 0 1 0 1 2 0 2 1 1 3 3 1 4 2 1 5 4 1 6 5 1 7 3 1 8 5 1 9 6 1 10 3 1 11 7 2 12 8 2 13 6 2 14 6 1 15 8 1 16 3 1 17 2 1 18 3 1 19 8 1 20 1 3 21 0 3 22 9 3 23 9 1 24 0 1 25 4 1 26 5 1 27 4 1 28 10 1 29 10 1 30 4 1 31 7 1 32 0 1 33 11 1 34 4 1 35 4 1 36 11 1 37 7 1 38 8 4 39 7 4 40 11 4 41 12 5 42 13 5 43 14 5 44 13 6 45 12 6 46 15 6 47 15 7 48 12 7 49 16 7 50 13 7 51 15 7 52 17 7 53 17 7 54 15 7 55 18 7 56 15 7 57 16 7 58 19 7 59 19 7 60 16 7 61 20 7 62 14 7 63 21 7 64 22 7 65 21 7 66 14 7 67 23 7 68 23 8 69 14 8 70 13 8 71 21 7 72 23 7 73 18 7 74 21 7 75 18 7 76 15 7 77 22 7 78 21 7 79 20 7 80 22 7 81 20 7 82 16 7 83 36 9 84 37 9 85 38 9 86 39 9 87 38 9 88 37 9 89 40 10 90 41 10 91 42 10 92 41 10 93 40 10 94 43 10 95 46 11 96 47 11 97 48 11 98 49 11 99 48 11 100 47 11 101 50 12 102 51 12 103 52 12 104 51 12 105 50 12 106 53 12 107 55 10 108 56 10 109 57 10 110 58 10 111 57 10 112 56 10 113 59 9 114 60 9 115 61 9 116 60 9 117 59 9 118 62 9 119 64 12 120 65 12 121 66 12 122 67 12 123 66 12 124 65 12 125 68 11 126 69 11 127 70 11 128 69 11 129 68 11 130 71 11 131 72 13 132 73 13 133 74 13 134 73 7 135 75 7 136 74 7 137 76 14 138 77 14 139 75 14 140 77 7 141 78 7 142 75 7 143 79 15 144 80 15 145 78 15 146 78 16 147 80 16 148 75 16 149 74 7 150 75 7 151 80 7 152 73 17 153 72 17 154 81 17 155 81 7 156 72 7 157 76 7 158 77 18 159 76 18 160 82 18 161 82 7 162 76 7 163 79 7 164 72 7 165 83 7 166 76 7 167 76 7 168 83 7 169 79 7 170 80 19 171 79 19 172 83 19 173 84 20 174 85 20 175 86 20 176 85 21 177 84 21 178 87 21 179 87 1 180 84 1 181 88 1 182 85 1 183 87 1 184 89 1 185 89 22 186 87 22 187 90 22 188 87 1 189 88 1 190 91 1 191 91 23 192 88 23 193 92 23 194 86 1 195 93 1 196 94 1 197 93 24 198 86 24 199 95 24 200 95 25 201 86 25 202 85 25 203 93 1 204 95 1 205 90 1 206 93 26 207 90 26 208 87 26 209 94 1 210 93 1 211 92 1 212 94 1 213 92 1 214 88 1 215</p>
        </triangles>
      </mesh>
    </geometry>
    <geometry id="ID79-mesh" name="ID79">
      <mesh>
        <source id="ID79-mesh-positions">
          <float_array id="ID79-mesh-positions-array" count="1239">14.92919 135.838 18.68946 14.92919 133.963 18.68946 13.46013 135.838 18.56874 13.46013 133.963 18.56874 14.92919 133.963 18.68946 13.46013 135.838 18.56874 13.46013 133.963 18.56874 14.92919 135.838 18.68946 13.46013 133.963 18.56874 14.92919 133.963 18.68946 14.92919 135.838 18.68946 13.46013 135.838 18.56874 16.40266 133.963 18.72974 17.87613 133.963 18.68946 14.92919 133.963 18.68946 13.46013 133.963 18.56874 19.3452 133.963 18.56874 20.80548 133.963 18.36793 11.99985 133.963 18.36793 10.55272 133.963 18.08765 22.2526 133.963 18.08765 9.12307 133.963 17.72873 23.68225 133.963 17.72873 8.919507 133.963 17.45254 25.09016 133.963 17.29224 16.46516 133.963 17.23987 15.43476 133.963 17.21006 8.730285 133.963 17.16634 14.40779 133.963 17.12075 13.38771 133.963 16.97223 8.555897 133.963 16.87086 12.37792 133.963 16.765 8.396798 133.963 16.56688 11.38179 133.963 16.49975 8.253396 133.963 16.25518 10.40266 133.963 16.17737 8.12607 133.963 15.93659 8.015149 133.963 15.61191 7.920917 133.963 15.282 7.843625 133.963 14.94772 7.783472 133.963 14.60994 7.740614 133.963 14.26952 7.715162 133.963 13.92737 10.40266 133.963 13.92737 17.49557 133.963 17.21006 18.52253 133.963 17.12075 19.54261 133.963 16.97223 20.55241 133.963 16.765 21.54853 133.963 16.49975 22.52766 133.963 16.17737 25.09016 133.963 16.17737 25.09016 133.963 17.29224 22.52766 133.963 16.17737 25.09016 133.963 16.17737 21.54853 133.963 16.49975 20.55241 133.963 16.765 19.54261 133.963 16.97223 18.52253 133.963 17.12075 17.49557 133.963 17.21006 16.46516 133.963 17.23987 10.40266 133.963 16.17737 7.715162 133.963 13.92737 10.40266 133.963 13.92737 7.740614 133.963 14.26952 7.783472 133.963 14.60994 7.843625 133.963 14.94772 7.920917 133.963 15.282 8.015149 133.963 15.61191 8.12607 133.963 15.93659 8.253396 133.963 16.25518 11.38179 133.963 16.49975 8.396798 133.963 16.56688 12.37792 133.963 16.765 8.555897 133.963 16.87086 13.38771 133.963 16.97223 8.730285 133.963 17.16634 14.40779 133.963 17.12075 15.43476 133.963 17.21006 8.919507 133.963 17.45254 23.68225 133.963 17.72873 9.12307 133.963 17.72873 22.2526 133.963 18.08765 10.55272 133.963 18.08765 20.80548 133.963 18.36793 11.99985 133.963 18.36793 13.46013 133.963 18.56874 19.3452 133.963 18.56874 17.87613 133.963 18.68946 14.92919 133.963 18.68946 16.40266 133.963 18.72974 10.40266 133.963 13.92737 10.40266 133.963 16.17737 11.38179 133.963 16.49975 12.37792 133.963 16.765 13.38771 133.963 16.97223 14.40779 133.963 17.12075 15.43476 133.963 17.21006 16.46516 133.963 17.23987 17.49557 133.963 17.21006 18.52253 133.963 17.12075 19.54261 133.963 16.97223 20.55241 133.963 16.765 21.54853 133.963 16.49975 22.52766 133.963 16.17737 25.09016 133.963 16.17737 25.09016 133.963 17.29224 23.68225 133.963 17.72873 22.2526 133.963 18.08765 20.80548 133.963 18.36793 19.3452 133.963 18.56874 17.87613 133.963 18.68946 16.40266 133.963 18.72974 11.99985 133.963 18.36793 10.55272 133.963 18.08765 9.12307 133.963 17.72873 8.919507 133.963 17.45254 8.730285 133.963 17.16634 8.555897 133.963 16.87086 8.396798 133.963 16.56688 8.253396 133.963 16.25518 8.12607 133.963 15.93659 8.015149 133.963 15.61191 7.920917 133.963 15.282 7.843625 133.963 14.94772 7.783472 133.963 14.60994 7.740614 133.963 14.26952 7.715162 133.963 13.92737 16.40266 135.838 18.72974 16.40266 133.963 18.72974 16.40266 133.963 18.72974 16.40266 135.838 18.72974 16.40266 135.838 18.72974 16.46516 135.838 17.23987 17.49557 135.838 17.21006 25.09016 135.838 17.29224 18.52253 135.838 17.12075 19.54261 135.838 16.97223 20.55241 135.838 16.765 21.54853 135.838 16.49975 25.09016 135.838 16.17737 22.52766 135.838 16.17737 16.40266 135.838 18.72974 14.92919 135.838 18.68946 17.87613 135.838 18.68946 19.3452 135.838 18.56874 13.46013 135.838 18.56874 20.80548 135.838 18.36793 11.99985 135.838 18.36793 22.2526 135.838 18.08765 10.55272 135.838 18.08765 23.68225 135.838 17.72873 9.12307 135.838 17.72873 8.919507 135.838 17.45254 15.43476 135.838 17.21006 8.730285 135.838 17.16634 14.40779 135.838 17.12075 13.38771 135.838 16.97223 8.555897 135.838 16.87086 12.37792 135.838 16.765 8.396798 135.838 16.56688 11.38179 135.838 16.49975 8.253396 135.838 16.25518 10.40266 135.838 16.17737 8.12607 135.838 15.93659 8.015149 135.838 15.61191 7.920917 135.838 15.282 7.843625 135.838 14.94772 7.783472 135.838 14.60994 7.740614 135.838 14.26952 10.40266 135.838 13.92737 7.715162 135.838 13.92737 7.740614 135.838 14.26952 10.40266 135.838 13.92737 7.715162 135.838 13.92737 10.40266 135.838 16.17737 7.783472 135.838 14.60994 7.843625 135.838 14.94772 7.920917 135.838 15.282 8.015149 135.838 15.61191 8.12607 135.838 15.93659 8.253396 135.838 16.25518 11.38179 135.838 16.49975 8.396798 135.838 16.56688 12.37792 135.838 16.765 8.555897 135.838 16.87086 13.38771 135.838 16.97223 8.730285 135.838 17.16634 14.40779 135.838 17.12075 15.43476 135.838 17.21006 8.919507 135.838 17.45254 16.46516 135.838 17.23987 25.09016 135.838 17.29224 23.68225 135.838 17.72873 9.12307 135.838 17.72873 10.55272 135.838 18.08765 22.2526 135.838 18.08765 11.99985 135.838 18.36793 20.80548 135.838 18.36793 13.46013 135.838 18.56874 19.3452 135.838 18.56874 14.92919 135.838 18.68946 17.87613 135.838 18.68946 16.40266 135.838 18.72974 21.54853 135.838 16.49975 25.09016 135.838 16.17737 22.52766 135.838 16.17737 20.55241 135.838 16.765 19.54261 135.838 16.97223 18.52253 135.838 17.12075 17.49557 135.838 17.21006 10.40266 135.838 13.92737 7.715162 135.838 13.92737 7.740614 135.838 14.26952 7.783472 135.838 14.60994 7.843625 135.838 14.94772 7.920917 135.838 15.282 8.015149 135.838 15.61191 8.12607 135.838 15.93659 8.253396 135.838 16.25518 8.396798 135.838 16.56688 8.555897 135.838 16.87086 8.730285 135.838 17.16634 8.919507 135.838 17.45254 9.12307 135.838 17.72873 10.55272 135.838 18.08765 11.99985 135.838 18.36793 17.87613 135.838 18.68946 19.3452 135.838 18.56874 20.80548 135.838 18.36793 22.2526 135.838 18.08765 23.68225 135.838 17.72873 25.09016 135.838 17.29224 25.09016 135.838 16.17737 22.52766 135.838 16.17737 21.54853 135.838 16.49975 20.55241 135.838 16.765 19.54261 135.838 16.97223 18.52253 135.838 17.12075 17.49557 135.838 17.21006 16.46516 135.838 17.23987 15.43476 135.838 17.21006 14.40779 135.838 17.12075 13.38771 135.838 16.97223 12.37792 135.838 16.765 11.38179 135.838 16.49975 10.40266 135.838 16.17737 11.99985 135.838 18.36793 11.99985 133.963 18.36793 11.99985 135.838 18.36793 11.99985 133.963 18.36793 10.40266 135.838 13.92737 10.40266 134.713 13.92737 10.40266 135.838 16.17737 10.40266 133.963 16.17737 10.40266 133.963 13.92737 10.40266 134.713 13.92737 10.40266 133.963 16.17737 10.40266 133.963 13.92737 10.40266 135.838 16.17737 10.40266 135.838 13.92737 10.40266 134.713 13.92737 11.38179 133.963 16.49975 11.38179 135.838 16.49975 10.40266 133.963 16.17737 10.40266 135.838 16.17737 11.38179 135.838 16.49975 10.40266 133.963 16.17737 10.40266 135.838 16.17737 11.38179 133.963 16.49975 12.37792 133.963 16.765 12.37792 135.838 16.765 12.37792 135.838 16.765 12.37792 133.963 16.765 13.38771 133.963 16.97223 13.38771 135.838 16.97223 13.38771 135.838 16.97223 13.38771 133.963 16.97223 14.40779 133.963 17.12075 14.40779 135.838 17.12075 14.40779 135.838 17.12075 14.40779 133.963 17.12075 15.43476 133.963 17.21006 15.43476 135.838 17.21006 15.43476 135.838 17.21006 15.43476 133.963 17.21006 16.46516 133.963 17.23987 16.46516 135.838 17.23987 16.46516 135.838 17.23987 16.46516 133.963 17.23987 17.49557 133.963 17.21006 17.49557 135.838 17.21006 17.49557 135.838 17.21006 17.49557 133.963 17.21006 18.52253 133.963 17.12075 18.52253 135.838 17.12075 18.52253 135.838 17.12075 18.52253 133.963 17.12075 19.54261 133.963 16.97223 19.54261 135.838 16.97223 19.54261 135.838 16.97223 19.54261 133.963 16.97223 20.55241 133.963 16.765 20.55241 135.838 16.765 20.55241 135.838 16.765 20.55241 133.963 16.765 21.54853 133.963 16.49975 21.54853 135.838 16.49975 21.54853 135.838 16.49975 21.54853 133.963 16.49975 22.52766 133.963 16.17737 22.52766 135.838 16.17737 22.52766 135.838 16.17737 22.52766 133.963 16.17737 25.09016 133.963 16.17737 25.09016 135.838 16.17737 22.52766 133.963 16.17737 22.52766 135.838 16.17737 25.09016 135.838 16.17737 22.52766 133.963 16.17737 22.52766 135.838 16.17737 25.09016 133.963 16.17737 25.09016 135.838 17.29224 25.09016 135.838 16.17737 25.09016 133.963 17.29224 25.09016 133.963 16.17737 25.09016 135.838 16.17737 25.09016 133.963 17.29224 25.09016 133.963 16.17737 25.09016 135.838 17.29224 25.09016 135.838 17.29224 25.09016 133.963 17.29224 23.68225 135.838 17.72873 23.68225 133.963 17.72873 25.09016 133.963 17.29224 23.68225 135.838 17.72873 23.68225 133.963 17.72873 25.09016 135.838 17.29224 22.2526 135.838 18.08765 22.2526 133.963 18.08765 22.2526 135.838 18.08765 22.2526 133.963 18.08765 20.80548 135.838 18.36793 20.80548 133.963 18.36793 20.80548 135.838 18.36793 20.80548 133.963 18.36793 19.3452 135.838 18.56874 19.3452 133.963 18.56874 19.3452 135.838 18.56874 19.3452 133.963 18.56874 17.87613 135.838 18.68946 17.87613 133.963 18.68946 17.87613 135.838 18.68946 17.87613 133.963 18.68946 10.55272 135.838 18.08765 10.55272 133.963 18.08765 10.55272 135.838 18.08765 10.55272 133.963 18.08765 9.12307 135.838 17.72873 9.12307 133.963 17.72873 9.12307 135.838 17.72873 9.12307 133.963 17.72873 8.919507 135.838 17.45254 9.12307 135.838 17.72873 8.919507 133.963 17.45254 9.12307 133.963 17.72873 9.12307 135.838 17.72873 8.919507 133.963 17.45254 9.12307 133.963 17.72873 8.919507 135.838 17.45254 8.730285 135.838 17.16634 8.730285 133.963 17.16634 8.730285 133.963 17.16634 8.730285 135.838 17.16634 8.555897 135.838 16.87086 8.555897 133.963 16.87086 8.555897 133.963 16.87086 8.555897 135.838 16.87086 8.396798 135.838 16.56688 8.396798 133.963 16.56688 8.396798 133.963 16.56688 8.396798 135.838 16.56688 8.253396 135.838 16.25518 8.253396 133.963 16.25518 8.253396 133.963 16.25518 8.253396 135.838 16.25518 8.12607 135.838 15.93659 8.12607 133.963 15.93659 8.12607 133.963 15.93659 8.12607 135.838 15.93659 8.015149 135.838 15.61191 8.015149 133.963 15.61191 8.015149 133.963 15.61191 8.015149 135.838 15.61191 7.920917 135.838 15.282 7.920917 133.963 15.282 7.920917 133.963 15.282 7.920917 135.838 15.282 7.843625 135.838 14.94772 7.843625 133.963 14.94772 7.843625 133.963 14.94772 7.843625 135.838 14.94772 7.783472 135.838 14.60994 7.783472 133.963 14.60994 7.783472 133.963 14.60994 7.783472 135.838 14.60994 7.740614 135.838 14.26952 7.740614 133.963 14.26952 7.740614 133.963 14.26952 7.740614 135.838 14.26952 7.715162 135.838 13.92737 7.715162 133.963 13.92737 7.715162 133.963 13.92737 7.715162 135.838 13.92737</float_array>
          <technique_common>
            <accessor source="#ID79-mesh-positions-array" count="413" stride="3">
              <param name="X" type="float"/>
              <param name="Y" type="float"/>
              <param name="Z" type="float"/>
            </accessor>
          </technique_common>
        </source>
        <source id="ID79-mesh-normals">
          <float_array id="ID79-mesh-normals-array" count="399">0.05462825 0 -0.9985069 0.1091049 0 -0.9940304 -0.05462825 0 0.9985069 -0.1091049 0 0.9940304 0 1 0 0 1 1.71822e-4 0 1 1.64261e-4 0 1 -7.93627e-5 0 1 8.31114e-5 0 1 -8.02679e-5 0 1 -3.92417e-4 0 1 8.28857e-5 0 -1 0 0 -0.9999997 7.84833e-4 0 -1 8.02679e-5 0 -1 -8.31114e-5 0 -1 7.93627e-5 0 -1 -6.78981e-5 0 -1 3.42996e-5 0 -1 -6.87224e-5 0 -1 -1.09508e-4 0 -1 3.57316e-5 0 -1 2.7919e-5 0 -1 5.16469e-5 0 -1 -1.28867e-4 0 -1 2.57084e-4 0 0 -1 0 0 1 0 -1 -8.28857e-5 0 -1 3.53042e-5 0 -1 6.38929e-5 0 -1 1.37198e-4 0 -1 6.49279e-5 0 -1 -7.72184e-5 0 -1 7.40316e-5 0 1 -3.81726e-5 0 1 4.10223e-5 0 1 -2.75921e-5 0 1 5.19446e-6 0 1 2.40944e-5 0 1 1.09832e-5 0 1 -3.65219e-5 0 1 -2.58918e-5 0 1 3.78756e-5 0 1 2.20393e-4 0 1 -3.59398e-5 0 1 2.19015e-4 0 1 2.65628e-5 0 1 -1.75201e-5 0 1 1.86126e-5 0 1 5.17758e-5 0 1 4.29556e-5 0 1 -2.57084e-4 0 1 -3.53042e-5 0 1 4.14428e-5 0 1 -2.65286e-5 0 1 4.00144e-5 0.1632457 0 -0.9865855 -0.1632457 0 0.9865855 -1 0 0 1 0 0 -0.2851408 0 0.9584857 -0.3127282 0 0.9498428 0.2851408 0 -0.9584857 0.3127282 0 -0.9498428 -0.2292571 0 0.9733659 0.2292571 0 -0.9733659 -0.1726135 0 0.9849897 0.1726135 0 -0.9849897 -0.1153909 0 0.9933203 0.1153909 0 -0.9933203 -0.05780243 0 0.9983282 -0.05777198 0 0.9983298 0.05777198 0 -0.9983298 0.05780243 0 -0.9983282 0.05777198 0 0.9983298 0.05780243 0 0.9983282 -0.05780243 0 -0.9983282 -0.05777198 0 -0.9983298 0.1153909 0 0.9933203 -0.1153909 0 -0.9933203 0.1726135 0 0.9849897 -0.1726135 0 -0.9849897 0.2292571 0 0.9733659 -0.2292571 0 -0.9733659 0.2851408 0 0.9584857 -0.2851408 0 -0.9584857 0.3127282 0 0.9498428 -0.3127282 0 -0.9498428 -0.2960968 0 -0.9551579 -0.2961246 0 -0.9551493 -0.2699129 0 -0.9628848 0.2961246 0 0.9551493 0.2699129 0 0.9628848 0.2960968 0 0.9551579 -0.2169014 0 -0.9761936 0.2169014 0 0.9761936 -0.1632457 0 -0.9865855 0.1632457 0 0.9865855 -0.1091049 0 -0.9940304 0.1091049 0 0.9940304 -0.05462825 0 -0.9985069 0.05462825 0 0.9985069 0.2169014 0 -0.9761936 -0.2169014 0 0.9761936 0.2434834 0 -0.9699051 -0.2434834 0 0.9699051 0.8198351 0 -0.5725997 0.8049822 0 -0.593299 -0.8049822 0 0.593299 -0.8198351 0 0.5725997 0.8479658 0 -0.5300511 -0.8479658 0 0.5300511 0.8738822 0 -0.4861378 -0.8738822 0 0.4861378 0.8975185 0 -0.4409767 -0.8975185 0 0.4409767 0.9188354 0 -0.3946412 -0.9188354 0 0.3946412 0.9377526 0 -0.3473045 -0.9377526 0 0.3473045 0.9542359 0 -0.2990552 -0.9542359 0 0.2990552 0.9682357 0 -0.2500395 -0.9682357 0 0.2500395 0.9797229 0 -0.2003576 -0.9797229 0 0.2003576 0.9886628 0 -0.1501534 -0.9886628 0 0.1501534 0.9950324 0 -0.09955203 -0.9950324 0 0.09955203 0.9972463 0 -0.0741617 -0.9972463 0 0.0741617</float_array>
          <technique_common>
            <accessor source="#ID79-mesh-normals-array" count="133" stride="3">
              <param name="X" type="float"/>
              <param name="Y" type="float"/>
              <param name="Z" type="float"/>
            </accessor>
          </technique_common>
        </source>
        <source id="ID79-mesh-map-0">
          <float_array id="ID79-mesh-map-0-array" count="1812">0.2200065 0.4958652 0.2200065 0.4892631 0.2091532 0.4958652 0.2091532 0.4892631 0.2091532 0.4958652 0.2200065 0.4892631 0.2200065 0.4892631 0.2091532 0.4958652 0.2091532 0.4892631 0.2091532 0.4958652 0.2200065 0.4892631 0.2200065 0.4958652 0.2308922 0.4848617 0.2417778 0.4848617 0.2200065 0.4848617 0.2200065 0.4848617 0.2417778 0.4848617 0.2091532 0.4848617 0.2417778 0.4848617 0.252631 0.4848617 0.2091532 0.4848617 0.252631 0.4848617 0.2634192 0.4848617 0.2091532 0.4848617 0.2091532 0.4848617 0.2634192 0.4848617 0.1983651 0.4848617 0.1983651 0.4848617 0.2634192 0.4848617 0.1876741 0.4848617 0.2634192 0.4848617 0.2741103 0.4848617 0.1876741 0.4848617 0.1876741 0.4848617 0.2741103 0.4848617 0.1771121 0.4848617 0.2741103 0.4848617 0.2846722 0.4848617 0.1771121 0.4848617 0.1771121 0.4848617 0.2846722 0.4848617 0.1756082 0.4848617 0.2846722 0.4848617 0.2950735 0.4848617 0.1756082 0.4848617 0.2950735 0.4848617 0.2313539 0.4848617 0.1756082 0.4848617 0.2313539 0.4848617 0.2237415 0.4848617 0.1756082 0.4848617 0.1756082 0.4848617 0.2237415 0.4848617 0.1742103 0.4848617 0.2237415 0.4848617 0.2161545 0.4848617 0.1742103 0.4848617 0.2161545 0.4848617 0.2086184 0.4848617 0.1742103 0.4848617 0.1742103 0.4848617 0.2086184 0.4848617 0.172922 0.4848617 0.2086184 0.4848617 0.2011582 0.4848617 0.172922 0.4848617 0.172922 0.4848617 0.2011582 0.4848617 0.1717465 0.4848617 0.2011582 0.4848617 0.1937991 0.4848617 0.1717465 0.4848617 0.1717465 0.4848617 0.1937991 0.4848617 0.1706871 0.4848617 0.1937991 0.4848617 0.1865655 0.4848617 0.1706871 0.4848617 0.1706871 0.4848617 0.1865655 0.4848617 0.1697465 0.4848617 0.1697465 0.4848617 0.1865655 0.4848617 0.168927 0.4848617 0.168927 0.4848617 0.1865655 0.4848617 0.1682309 0.4848617 0.1682309 0.4848617 0.1865655 0.4848617 0.1676598 0.4848617 0.1676598 0.4848617 0.1865655 0.4848617 0.1672154 0.4848617 0.1672154 0.4848617 0.1865655 0.4848617 0.1668988 0.4848617 0.1668988 0.4848617 0.1865655 0.4848617 0.1667107 0.4848617 0.1865655 0.4848617 0.1667107 0.4848617 0.1865655 0.4848617 0.2313539 0.4848617 0.2950735 0.4848617 0.2389663 0.4848617 0.2389663 0.4848617 0.2950735 0.4848617 0.2465533 0.4848617 0.2465533 0.4848617 0.2950735 0.4848617 0.2540894 0.4848617 0.2540894 0.4848617 0.2950735 0.4848617 0.2615496 0.4848617 0.2615496 0.4848617 0.2950735 0.4848617 0.2689087 0.4848617 0.2689087 0.4848617 0.2950735 0.4848617 0.2761423 0.4848617 0.2950735 0.4848617 0.2761423 0.4848617 0.2950735 0.4848617 0.2950735 0.4848617 0.2761423 0.4848617 0.2950735 0.4848617 0.2761423 0.4848617 0.2950735 0.4848617 0.2689087 0.4848617 0.2689087 0.4848617 0.2950735 0.4848617 0.2615496 0.4848617 0.2615496 0.4848617 0.2950735 0.4848617 0.2540894 0.4848617 0.2540894 0.4848617 0.2950735 0.4848617 0.2465533 0.4848617 0.2465533 0.4848617 0.2950735 0.4848617 0.2389663 0.4848617 0.2389663 0.4848617 0.2950735 0.4848617 0.2313539 0.4848617 0.1865655 0.4848617 0.1667107 0.4848617 0.1865655 0.4848617 0.1667107 0.4848617 0.1865655 0.4848617 0.1668988 0.4848617 0.1668988 0.4848617 0.1865655 0.4848617 0.1672154 0.4848617 0.1672154 0.4848617 0.1865655 0.4848617 0.1676598 0.4848617 0.1676598 0.4848617 0.1865655 0.4848617 0.1682309 0.4848617 0.1682309 0.4848617 0.1865655 0.4848617 0.168927 0.4848617 0.168927 0.4848617 0.1865655 0.4848617 0.1697465 0.4848617 0.1697465 0.4848617 0.1865655 0.4848617 0.1706871 0.4848617 0.1706871 0.4848617 0.1865655 0.4848617 0.1937991 0.4848617 0.1706871 0.4848617 0.1937991 0.4848617 0.1717465 0.4848617 0.1717465 0.4848617 0.1937991 0.4848617 0.2011582 0.4848617 0.1717465 0.4848617 0.2011582 0.4848617 0.172922 0.4848617 0.172922 0.4848617 0.2011582 0.4848617 0.2086184 0.4848617 0.172922 0.4848617 0.2086184 0.4848617 0.1742103 0.4848617 0.1742103 0.4848617 0.2086184 0.4848617 0.2161545 0.4848617 0.1742103 0.4848617 0.2161545 0.4848617 0.2237415 0.4848617 0.1742103 0.4848617 0.2237415 0.4848617 0.1756082 0.4848617 0.1756082 0.4848617 0.2237415 0.4848617 0.2313539 0.4848617 0.1756082 0.4848617 0.2313539 0.4848617 0.2950735 0.4848617 0.1756082 0.4848617 0.2950735 0.4848617 0.2846722 0.4848617 0.1756082 0.4848617 0.2846722 0.4848617 0.1771121 0.4848617 0.1771121 0.4848617 0.2846722 0.4848617 0.2741103 0.4848617 0.1771121 0.4848617 0.2741103 0.4848617 0.1876741 0.4848617 0.1876741 0.4848617 0.2741103 0.4848617 0.2634192 0.4848617 0.1876741 0.4848617 0.2634192 0.4848617 0.1983651 0.4848617 0.1983651 0.4848617 0.2634192 0.4848617 0.2091532 0.4848617 0.2091532 0.4848617 0.2634192 0.4848617 0.252631 0.4848617 0.2091532 0.4848617 0.252631 0.4848617 0.2417778 0.4848617 0.2091532 0.4848617 0.2417778 0.4848617 0.2200065 0.4848617 0.2200065 0.4848617 0.2417778 0.4848617 0.2308922 0.4848617 0.2308922 0.4958652 0.2308922 0.4892631 0.2200065 0.4958652 0.2200065 0.4892631 0.2200065 0.4958652 0.2308922 0.4892631 0.2308922 0.4892631 0.2200065 0.4958652 0.2200065 0.4892631 0.2200065 0.4958652 0.2308922 0.4892631 0.2308922 0.4958652 0.2313539 0.4958652 0.2389663 0.4958652 0.2950735 0.4958652 0.2389663 0.4958652 0.2465533 0.4958652 0.2950735 0.4958652 0.2465533 0.4958652 0.2540894 0.4958652 0.2950735 0.4958652 0.2540894 0.4958652 0.2615496 0.4958652 0.2950735 0.4958652 0.2615496 0.4958652 0.2689087 0.4958652 0.2950735 0.4958652 0.2950735 0.4958652 0.2689087 0.4958652 0.2950735 0.4958652 0.2761423 0.4958652 0.2950735 0.4958652 0.2689087 0.4958652 0.2308922 0.4958652 0.2200065 0.4958652 0.2417778 0.4958652 0.2417778 0.4958652 0.2200065 0.4958652 0.252631 0.4958652 0.2200065 0.4958652 0.2091532 0.4958652 0.252631 0.4958652 0.252631 0.4958652 0.2091532 0.4958652 0.2634192 0.4958652 0.2091532 0.4958652 0.1983651 0.4958652 0.2634192 0.4958652 0.2634192 0.4958652 0.1983651 0.4958652 0.2741103 0.4958652 0.1983651 0.4958652 0.1876741 0.4958652 0.2741103 0.4958652 0.2741103 0.4958652 0.1876741 0.4958652 0.2846722 0.4958652 0.1876741 0.4958652 0.1771121 0.4958652 0.2846722 0.4958652 0.1771121 0.4958652 0.1756082 0.4958652 0.2846722 0.4958652 0.2846722 0.4958652 0.1756082 0.4958652 0.2950735 0.4958652 0.2950735 0.4958652 0.1756082 0.4958652 0.2313539 0.4958652 0.2313539 0.4958652 0.1756082 0.4958652 0.2237415 0.4958652 0.1756082 0.4958652 0.1742103 0.4958652 0.2237415 0.4958652 0.2237415 0.4958652 0.1742103 0.4958652 0.2161545 0.4958652 0.2161545 0.4958652 0.1742103 0.4958652 0.2086184 0.4958652 0.1742103 0.4958652 0.172922 0.4958652 0.2086184 0.4958652 0.2086184 0.4958652 0.172922 0.4958652 0.2011582 0.4958652 0.172922 0.4958652 0.1717465 0.4958652 0.2011582 0.4958652 0.2011582 0.4958652 0.1717465 0.4958652 0.1937991 0.4958652 0.1717465 0.4958652 0.1706871 0.4958652 0.1937991 0.4958652 0.1937991 0.4958652 0.1706871 0.4958652 0.1865655 0.4958652 0.1706871 0.4958652 0.1697465 0.4958652 0.1865655 0.4958652 0.1697465 0.4958652 0.168927 0.4958652 0.1865655 0.4958652 0.168927 0.4958652 0.1682309 0.4958652 0.1865655 0.4958652 0.1682309 0.4958652 0.1676598 0.4958652 0.1865655 0.4958652 0.1676598 0.4958652 0.1672154 0.4958652 0.1865655 0.4958652 0.1672154 0.4958652 0.1668988 0.4958652 0.1865655 0.4958652 0.1865655 0.4958652 0.1668988 0.4958652 0.1865655 0.4958652 0.1667107 0.4958652 0.1865655 0.4958652 0.1668988 0.4958652 0.1668988 0.4958652 0.1865655 0.4958652 0.1667107 0.4958652 0.1865655 0.4958652 0.1668988 0.4958652 0.1865655 0.4958652 0.1865655 0.4958652 0.1668988 0.4958652 0.1672154 0.4958652 0.1865655 0.4958652 0.1672154 0.4958652 0.1676598 0.4958652 0.1865655 0.4958652 0.1676598 0.4958652 0.1682309 0.4958652 0.1865655 0.4958652 0.1682309 0.4958652 0.168927 0.4958652 0.1865655 0.4958652 0.168927 0.4958652 0.1697465 0.4958652 0.1865655 0.4958652 0.1697465 0.4958652 0.1706871 0.4958652 0.1865655 0.4958652 0.1706871 0.4958652 0.1937991 0.4958652 0.1937991 0.4958652 0.1706871 0.4958652 0.1717465 0.4958652 0.1937991 0.4958652 0.1717465 0.4958652 0.2011582 0.4958652 0.2011582 0.4958652 0.1717465 0.4958652 0.172922 0.4958652 0.2011582 0.4958652 0.172922 0.4958652 0.2086184 0.4958652 0.2086184 0.4958652 0.172922 0.4958652 0.1742103 0.4958652 0.2086184 0.4958652 0.1742103 0.4958652 0.2161545 0.4958652 0.2161545 0.4958652 0.1742103 0.4958652 0.2237415 0.4958652 0.2237415 0.4958652 0.1742103 0.4958652 0.1756082 0.4958652 0.2237415 0.4958652 0.1756082 0.4958652 0.2313539 0.4958652 0.2313539 0.4958652 0.1756082 0.4958652 0.2950735 0.4958652 0.2950735 0.4958652 0.1756082 0.4958652 0.2846722 0.4958652 0.2846722 0.4958652 0.1756082 0.4958652 0.1771121 0.4958652 0.2846722 0.4958652 0.1771121 0.4958652 0.1876741 0.4958652 0.2846722 0.4958652 0.1876741 0.4958652 0.2741103 0.4958652 0.2741103 0.4958652 0.1876741 0.4958652 0.1983651 0.4958652 0.2741103 0.4958652 0.1983651 0.4958652 0.2634192 0.4958652 0.2634192 0.4958652 0.1983651 0.4958652 0.2091532 0.4958652 0.2634192 0.4958652 0.2091532 0.4958652 0.252631 0.4958652 0.252631 0.4958652 0.2091532 0.4958652 0.2200065 0.4958652 0.252631 0.4958652 0.2200065 0.4958652 0.2417778 0.4958652 0.2417778 0.4958652 0.2200065 0.4958652 0.2308922 0.4958652 0.2689087 0.4958652 0.2950735 0.4958652 0.2761423 0.4958652 0.2950735 0.4958652 0.2689087 0.4958652 0.2950735 0.4958652 0.2950735 0.4958652 0.2689087 0.4958652 0.2615496 0.4958652 0.2950735 0.4958652 0.2615496 0.4958652 0.2540894 0.4958652 0.2950735 0.4958652 0.2540894 0.4958652 0.2465533 0.4958652 0.2950735 0.4958652 0.2465533 0.4958652 0.2389663 0.4958652 0.2950735 0.4958652 0.2389663 0.4958652 0.2313539 0.4958652 0.2091532 0.4958652 0.2091532 0.4892631 0.1983651 0.4958652 0.1983651 0.4892631 0.1983651 0.4958652 0.2091532 0.4892631 0.2091532 0.4892631 0.1983651 0.4958652 0.1983651 0.4892631 0.1983651 0.4958652 0.2091532 0.4892631 0.2091532 0.4958652 0.1865655 0.4998265 0.1865655 0.4958652 0.1865655 0.4998265 0.1865655 0.4998265 0.1865655 0.4958652 0.1865655 0.4932244 0.1865655 0.4932244 0.1865655 0.4932244 0.1865655 0.4958652 0.1865655 0.4958652 0.1865655 0.4932244 0.1865655 0.4932244 0.1865655 0.4932244 0.1865655 0.4958652 0.1865655 0.4998265 0.1865655 0.4998265 0.1865655 0.4958652 0.1865655 0.4998265 0.1937991 0.4892631 0.1937991 0.4958652 0.1865655 0.4892631 0.1865655 0.4958652 0.1865655 0.4892631 0.1937991 0.4958652 0.1937991 0.4958652 0.1865655 0.4892631 0.1865655 0.4958652 0.1865655 0.4892631 0.1937991 0.4958652 0.1937991 0.4892631 0.2011582 0.4892631 0.2011582 0.4958652 0.1937991 0.4892631 0.1937991 0.4958652 0.1937991 0.4892631 0.2011582 0.4958652 0.2011582 0.4958652 0.1937991 0.4892631 0.1937991 0.4958652 0.1937991 0.4892631 0.2011582 0.4958652 0.2011582 0.4892631 0.2086184 0.4892631 0.2086184 0.4958652 0.2011582 0.4892631 0.2011582 0.4958652 0.2011582 0.4892631 0.2086184 0.4958652 0.2086184 0.4958652 0.2011582 0.4892631 0.2011582 0.4958652 0.2011582 0.4892631 0.2086184 0.4958652 0.2086184 0.4892631 0.2161545 0.4892631 0.2161545 0.4958652 0.2086184 0.4892631 0.2086184 0.4958652 0.2086184 0.4892631 0.2161545 0.4958652 0.2161545 0.4958652 0.2086184 0.4892631 0.2086184 0.4958652 0.2086184 0.4892631 0.2161545 0.4958652 0.2161545 0.4892631 0.2237415 0.4892631 0.2237415 0.4958652 0.2161545 0.4892631 0.2161545 0.4958652 0.2161545 0.4892631 0.2237415 0.4958652 0.2237415 0.4958652 0.2161545 0.4892631 0.2161545 0.4958652 0.2161545 0.4892631 0.2237415 0.4958652 0.2237415 0.4892631 0.2313539 0.4892631 0.2313539 0.4958652 0.2237415 0.4892631 0.2237415 0.4958652 0.2237415 0.4892631 0.2313539 0.4958652 0.2313539 0.4958652 0.2237415 0.4892631 0.2237415 0.4958652 0.2237415 0.4892631 0.2313539 0.4958652 0.2313539 0.4892631 0.2389663 0.4892631 0.2389663 0.4958652 0.2313539 0.4892631 0.2313539 0.4958652 0.2313539 0.4892631 0.2389663 0.4958652 0.2389663 0.4958652 0.2313539 0.4892631 0.2313539 0.4958652 0.2313539 0.4892631 0.2389663 0.4958652 0.2389663 0.4892631 0.2465533 0.4892631 0.2465533 0.4958652 0.2389663 0.4892631 0.2389663 0.4958652 0.2389663 0.4892631 0.2465533 0.4958652 0.2465533 0.4958652 0.2389663 0.4892631 0.2389663 0.4958652 0.2389663 0.4892631 0.2465533 0.4958652 0.2465533 0.4892631 0.2540894 0.4892631 0.2540894 0.4958652 0.2465533 0.4892631 0.2465533 0.4958652 0.2465533 0.4892631 0.2540894 0.4958652 0.2540894 0.4958652 0.2465533 0.4892631 0.2465533 0.4958652 0.2465533 0.4892631 0.2540894 0.4958652 0.2540894 0.4892631 0.2615496 0.4892631 0.2615496 0.4958652 0.2540894 0.4892631 0.2540894 0.4958652 0.2540894 0.4892631 0.2615496 0.4958652 0.2615496 0.4958652 0.2540894 0.4892631 0.2540894 0.4958652 0.2540894 0.4892631 0.2615496 0.4958652 0.2615496 0.4892631 0.2689087 0.4892631 0.2689087 0.4958652 0.2615496 0.4892631 0.2615496 0.4958652 0.2615496 0.4892631 0.2689087 0.4958652 0.2689087 0.4958652 0.2615496 0.4892631 0.2615496 0.4958652 0.2615496 0.4892631 0.2689087 0.4958652 0.2689087 0.4892631 0.2761423 0.4892631 0.2761423 0.4958652 0.2689087 0.4892631 0.2689087 0.4958652 0.2689087 0.4892631 0.2761423 0.4958652 0.2761423 0.4958652 0.2689087 0.4892631 0.2689087 0.4958652 0.2689087 0.4892631 0.2761423 0.4958652 0.2761423 0.4892631 0.2950735 0.4932244 0.2950735 0.4998265 0.2761423 0.4932244 0.2761423 0.4998265 0.2761423 0.4932244 0.2950735 0.4998265 0.2950735 0.4998265 0.2761423 0.4932244 0.2761423 0.4998265 0.2761423 0.4932244 0.2950735 0.4998265 0.2950735 0.4932244 0.1865655 0.4998265 0.1865655 0.4998265 0.1865655 0.4932244 0.1865655 0.4932244 0.1865655 0.4932244 0.1865655 0.4998265 0.1865655 0.4998265 0.1865655 0.4932244 0.1865655 0.4932244 0.1865655 0.4932244 0.1865655 0.4998265 0.1865655 0.4998265 0.2950735 0.4958652 0.2950735 0.4892631 0.2846722 0.4958652 0.2846722 0.4892631 0.2846722 0.4958652 0.2950735 0.4892631 0.2950735 0.4892631 0.2846722 0.4958652 0.2846722 0.4892631 0.2846722 0.4958652 0.2950735 0.4892631 0.2950735 0.4958652 0.2846722 0.4958652 0.2846722 0.4892631 0.2741103 0.4958652 0.2741103 0.4892631 0.2741103 0.4958652 0.2846722 0.4892631 0.2846722 0.4892631 0.2741103 0.4958652 0.2741103 0.4892631 0.2741103 0.4958652 0.2846722 0.4892631 0.2846722 0.4958652 0.2741103 0.4958652 0.2741103 0.4892631 0.2634192 0.4958652 0.2634192 0.4892631 0.2634192 0.4958652 0.2741103 0.4892631 0.2741103 0.4892631 0.2634192 0.4958652 0.2634192 0.4892631 0.2634192 0.4958652 0.2741103 0.4892631 0.2741103 0.4958652 0.2634192 0.4958652 0.2634192 0.4892631 0.252631 0.4958652 0.252631 0.4892631 0.252631 0.4958652 0.2634192 0.4892631 0.2634192 0.4892631 0.252631 0.4958652 0.252631 0.4892631 0.252631 0.4958652 0.2634192 0.4892631 0.2634192 0.4958652 0.252631 0.4958652 0.252631 0.4892631 0.2417778 0.4958652 0.2417778 0.4892631 0.2417778 0.4958652 0.252631 0.4892631 0.252631 0.4892631 0.2417778 0.4958652 0.2417778 0.4892631 0.2417778 0.4958652 0.252631 0.4892631 0.252631 0.4958652 0.2417778 0.4958652 0.2417778 0.4892631 0.2308922 0.4958652 0.2308922 0.4892631 0.2308922 0.4958652 0.2417778 0.4892631 0.2417778 0.4892631 0.2308922 0.4958652 0.2308922 0.4892631 0.2308922 0.4958652 0.2417778 0.4892631 0.2417778 0.4958652 0.1983651 0.4958652 0.1983651 0.4892631 0.1876741 0.4958652 0.1876741 0.4892631 0.1876741 0.4958652 0.1983651 0.4892631 0.1983651 0.4892631 0.1876741 0.4958652 0.1876741 0.4892631 0.1876741 0.4958652 0.1983651 0.4892631 0.1983651 0.4958652 0.1876741 0.4958652 0.1876741 0.4892631 0.1771121 0.4958652 0.1771121 0.4892631 0.1771121 0.4958652 0.1876741 0.4892631 0.1876741 0.4892631 0.1771121 0.4958652 0.1771121 0.4892631 0.1771121 0.4958652 0.1876741 0.4892631 0.1876741 0.4958652 0.1756082 0.4958652 0.1771121 0.4958652 0.1756082 0.4892631 0.1771121 0.4892631 0.1756082 0.4892631 0.1771121 0.4958652 0.1771121 0.4958652 0.1756082 0.4892631 0.1771121 0.4892631 0.1756082 0.4892631 0.1771121 0.4958652 0.1756082 0.4958652 0.1742103 0.4958652 0.1756082 0.4958652 0.1742103 0.4892631 0.1756082 0.4892631 0.1742103 0.4892631 0.1756082 0.4958652 0.1756082 0.4958652 0.1742103 0.4892631 0.1756082 0.4892631 0.1742103 0.4892631 0.1756082 0.4958652 0.1742103 0.4958652 0.172922 0.4958652 0.1742103 0.4958652 0.172922 0.4892631 0.1742103 0.4892631 0.172922 0.4892631 0.1742103 0.4958652 0.1742103 0.4958652 0.172922 0.4892631 0.1742103 0.4892631 0.172922 0.4892631 0.1742103 0.4958652 0.172922 0.4958652 0.1717465 0.4958652 0.172922 0.4958652 0.1717465 0.4892631 0.172922 0.4892631 0.1717465 0.4892631 0.172922 0.4958652 0.172922 0.4958652 0.1717465 0.4892631 0.172922 0.4892631 0.1717465 0.4892631 0.172922 0.4958652 0.1717465 0.4958652 0.1706871 0.4958652 0.1717465 0.4958652 0.1706871 0.4892631 0.1717465 0.4892631 0.1706871 0.4892631 0.1717465 0.4958652 0.1717465 0.4958652 0.1706871 0.4892631 0.1717465 0.4892631 0.1706871 0.4892631 0.1717465 0.4958652 0.1706871 0.4958652 0.1697465 0.4958652 0.1706871 0.4958652 0.1697465 0.4892631 0.1706871 0.4892631 0.1697465 0.4892631 0.1706871 0.4958652 0.1706871 0.4958652 0.1697465 0.4892631 0.1706871 0.4892631 0.1697465 0.4892631 0.1706871 0.4958652 0.1697465 0.4958652 0.168927 0.4958652 0.1697465 0.4958652 0.168927 0.4892631 0.1697465 0.4892631 0.168927 0.4892631 0.1697465 0.4958652 0.1697465 0.4958652 0.168927 0.4892631 0.1697465 0.4892631 0.168927 0.4892631 0.1697465 0.4958652 0.168927 0.4958652 0.1682309 0.4958652 0.168927 0.4958652 0.1682309 0.4892631 0.168927 0.4892631 0.1682309 0.4892631 0.168927 0.4958652 0.168927 0.4958652 0.1682309 0.4892631 0.168927 0.4892631 0.1682309 0.4892631 0.168927 0.4958652 0.1682309 0.4958652 0.1676598 0.4958652 0.1682309 0.4958652 0.1676598 0.4892631 0.1682309 0.4892631 0.1676598 0.4892631 0.1682309 0.4958652 0.1682309 0.4958652 0.1676598 0.4892631 0.1682309 0.4892631 0.1676598 0.4892631 0.1682309 0.4958652 0.1676598 0.4958652 0.1672154 0.4958652 0.1676598 0.4958652 0.1672154 0.4892631 0.1676598 0.4892631 0.1672154 0.4892631 0.1676598 0.4958652 0.1676598 0.4958652 0.1672154 0.4892631 0.1676598 0.4892631 0.1672154 0.4892631 0.1676598 0.4958652 0.1672154 0.4958652 0.1668988 0.4958652 0.1672154 0.4958652 0.1668988 0.4892631 0.1672154 0.4892631 0.1668988 0.4892631 0.1672154 0.4958652 0.1672154 0.4958652 0.1668988 0.4892631 0.1672154 0.4892631 0.1668988 0.4892631 0.1672154 0.4958652 0.1668988 0.4958652 0.1667107 0.4958652 0.1668988 0.4958652 0.1667107 0.4892631 0.1668988 0.4892631 0.1667107 0.4892631 0.1668988 0.4958652 0.1668988 0.4958652 0.1667107 0.4892631 0.1668988 0.4892631 0.1667107 0.4892631 0.1668988 0.4958652 0.1667107 0.4958652</float_array>
          <technique_common>
            <accessor source="#ID79-mesh-map-0-array" count="906" stride="2">
              <param name="S" type="float"/>
              <param name="T" type="float"/>
            </accessor>
          </technique_common>
        </source>
        <vertices id="ID79-mesh-vertices">
          <input semantic="POSITION" source="#ID79-mesh-positions"/>
        </vertices>
        <triangles material="steel-security-door-exporter-material" count="302">
          <input semantic="VERTEX" source="#ID79-mesh-vertices" offset="0"/>
          <input semantic="NORMAL" source="#ID79-mesh-normals" offset="1"/>
          <input semantic="TEXCOORD" source="#ID79-mesh-map-0" offset="2" set="0"/>
          <p>0 0 0 1 0 1 2 1 2 3 1 3 2 1 4 1 0 5 4 2 6 5 3 7 6 3 8 5 3 9 4 2 10 7 2 11 12 4 12 13 4 13 14 4 14 14 4 15 13 4 16 15 4 17 13 5 18 16 5 19 15 5 20 16 4 21 17 4 22 15 4 23 15 4 24 17 4 25 18 4 26 18 4 27 17 4 28 19 4 29 17 4 30 20 4 31 19 4 32 19 4 33 20 4 34 21 4 35 20 4 36 22 4 37 21 4 38 21 4 39 22 4 40 23 4 41 22 4 42 24 4 43 23 4 44 24 6 45 25 6 46 23 6 47 25 4 48 26 4 49 23 4 50 23 4 51 26 4 52 27 4 53 26 4 54 28 4 55 27 4 56 28 4 57 29 4 58 27 4 59 27 4 60 29 4 61 30 4 62 29 4 63 31 4 64 30 4 65 30 4 66 31 4 67 32 4 68 31 4 69 33 4 70 32 4 71 32 4 72 33 4 73 34 4 74 33 7 75 35 7 76 34 7 77 34 4 78 35 4 79 36 4 80 36 4 81 35 4 82 37 4 83 37 8 84 35 8 85 38 8 86 38 9 87 35 9 88 39 9 89 39 4 90 35 4 91 40 4 92 40 4 93 35 4 94 41 4 95 41 4 96 35 4 97 42 4 98 43 4 99 42 4 100 35 4 101 25 10 102 24 10 103 44 10 104 44 4 105 24 4 106 45 4 107 45 4 108 24 4 109 46 4 110 46 11 111 24 11 112 47 11 113 47 4 114 24 4 115 48 4 116 48 4 117 24 4 118 49 4 119 50 4 120 49 4 121 24 4 122 51 12 123 52 12 124 53 12 125 52 12 126 51 12 127 54 12 128 54 12 129 51 12 130 55 12 131 55 12 132 51 12 133 56 12 134 56 12 135 51 12 136 57 12 137 57 12 138 51 12 139 58 12 140 58 13 141 51 13 142 59 13 143 60 12 144 61 12 145 62 12 146 61 12 147 60 12 148 63 12 149 63 12 150 60 12 151 64 12 152 64 12 153 60 12 154 65 12 155 65 14 156 60 14 157 66 14 158 66 15 159 60 15 160 67 15 161 67 12 162 60 12 163 68 12 164 68 12 165 60 12 166 69 12 167 69 16 168 60 16 169 70 16 170 69 12 171 70 12 172 71 12 173 71 12 174 70 12 175 72 12 176 71 12 177 72 12 178 73 12 179 73 17 180 72 17 181 74 17 182 73 12 183 74 12 184 75 12 185 75 18 186 74 18 187 76 18 188 75 12 189 76 12 190 77 12 191 75 12 192 77 12 193 78 12 194 78 19 195 77 19 196 59 19 197 78 20 198 59 20 199 51 20 200 78 21 201 51 21 202 79 21 203 78 12 204 79 12 205 80 12 206 80 12 207 79 12 208 81 12 209 80 12 210 81 12 211 82 12 212 82 22 213 81 22 214 83 22 215 82 12 216 83 12 217 84 12 218 84 12 219 83 12 220 85 12 221 85 23 222 83 23 223 86 23 224 85 24 225 86 24 226 87 24 227 85 12 228 87 12 229 88 12 230 88 25 231 87 25 232 89 25 233 127 26 234 128 26 235 0 0 236 1 0 237 0 0 238 128 26 239 129 27 240 7 2 241 4 2 242 7 2 243 129 27 244 130 27 245 132 13 246 133 13 247 134 13 248 133 12 249 135 12 250 134 12 251 135 12 252 136 12 253 134 12 254 136 28 255 137 28 256 134 28 257 137 29 258 138 29 259 134 29 260 134 12 261 138 12 262 139 12 263 140 12 264 139 12 265 138 12 266 141 12 267 142 12 268 143 12 269 143 12 270 142 12 271 144 12 272 142 12 273 145 12 274 144 12 275 144 12 276 145 12 277 146 12 278 145 12 279 147 12 280 146 12 281 146 12 282 147 12 283 148 12 284 147 12 285 149 12 286 148 12 287 148 12 288 149 12 289 150 12 290 149 12 291 151 12 292 150 12 293 151 12 294 152 12 295 150 12 296 150 12 297 152 12 298 134 12 299 134 20 300 152 20 301 132 20 302 132 12 303 152 12 304 153 12 305 152 30 306 154 30 307 153 30 308 153 12 309 154 12 310 155 12 311 155 31 312 154 31 313 156 31 314 154 12 315 157 12 316 156 12 317 156 12 318 157 12 319 158 12 320 157 12 321 159 12 322 158 12 323 158 12 324 159 12 325 160 12 326 159 32 327 161 32 328 160 32 329 160 12 330 161 12 331 162 12 332 161 12 333 163 12 334 162 12 335 163 12 336 164 12 337 162 12 338 164 12 339 165 12 340 162 12 341 165 12 342 166 12 343 162 12 344 166 33 345 167 33 346 162 33 347 167 34 348 168 34 349 162 34 350 162 12 351 168 12 352 169 12 353 170 12 354 169 12 355 168 12 356 171 4 357 172 4 358 173 4 359 172 4 360 171 4 361 174 4 362 174 35 363 171 35 364 175 35 365 174 36 366 175 36 367 176 36 368 174 37 369 176 37 370 177 37 371 174 38 372 177 38 373 178 38 374 174 39 375 178 39 376 179 39 377 174 40 378 179 40 379 180 40 380 174 4 381 180 4 382 181 4 383 181 41 384 180 41 385 182 41 386 181 4 387 182 4 388 183 4 389 183 42 390 182 42 391 184 42 392 183 4 393 184 4 394 185 4 395 185 43 396 184 43 397 186 43 398 185 4 399 186 4 400 187 4 401 187 44 402 186 44 403 188 44 404 188 45 405 186 45 406 189 45 407 188 4 408 189 4 409 190 4 410 190 46 411 189 46 412 191 46 413 191 4 414 189 4 415 192 4 416 192 47 417 189 47 418 193 47 419 192 48 420 193 48 421 194 48 422 192 4 423 194 4 424 195 4 425 195 49 426 194 49 427 196 49 428 195 4 429 196 4 430 197 4 431 197 50 432 196 50 433 198 50 434 197 4 435 198 4 436 199 4 437 199 51 438 198 51 439 200 51 440 199 4 441 200 4 442 201 4 443 201 52 444 200 52 445 202 52 446 203 4 447 204 4 448 205 4 449 204 4 450 203 4 451 191 4 452 191 53 453 203 53 454 206 53 455 191 54 456 206 54 457 207 54 458 191 55 459 207 55 460 208 55 461 191 56 462 208 56 463 209 56 464 191 10 465 209 10 466 190 10 467 2 1 468 3 1 469 246 57 470 247 57 471 246 57 472 3 1 473 6 3 474 248 58 475 249 58 476 248 58 477 6 3 478 5 3 479 250 59 480 251 59 481 252 59 482 252 59 483 251 59 484 253 59 485 254 59 486 253 59 487 251 59 488 255 60 489 256 60 490 257 60 491 256 60 492 255 60 493 258 60 494 258 60 495 255 60 496 259 60 497 261 61 498 262 61 499 263 62 500 264 62 501 263 62 502 262 61 503 265 63 504 266 64 505 267 64 506 266 64 507 265 63 508 268 63 509 269 65 510 270 65 511 261 61 512 262 61 513 261 61 514 270 65 515 271 66 516 268 63 517 265 63 518 268 63 519 271 66 520 272 66 521 273 67 522 274 67 523 269 65 524 270 65 525 269 65 526 274 67 527 275 68 528 272 66 529 271 66 530 272 66 531 275 68 532 276 68 533 277 69 534 278 69 535 273 67 536 274 67 537 273 67 538 278 69 539 279 70 540 276 68 541 275 68 542 276 68 543 279 70 544 280 70 545 281 71 546 282 72 547 277 69 548 278 69 549 277 69 550 282 72 551 283 73 552 280 70 553 279 70 554 280 70 555 283 73 556 284 74 557 285 27 558 286 27 559 281 71 560 282 72 561 281 71 562 286 27 563 287 26 564 284 74 565 283 73 566 284 74 567 287 26 568 288 26 569 289 75 570 290 76 571 285 27 572 286 27 573 285 27 574 290 76 575 291 77 576 288 26 577 287 26 578 288 26 579 291 77 580 292 78 581 293 79 582 294 79 583 289 75 584 290 76 585 289 75 586 294 79 587 295 80 588 292 78 589 291 77 590 292 78 591 295 80 592 296 80 593 297 81 594 298 81 595 293 79 596 294 79 597 293 79 598 298 81 599 299 82 600 296 80 601 295 80 602 296 80 603 299 82 604 300 82 605 301 83 606 302 83 607 297 81 608 298 81 609 297 81 610 302 83 611 303 84 612 300 82 613 299 82 614 300 82 615 303 84 616 304 84 617 305 85 618 306 85 619 301 83 620 302 83 621 301 83 622 306 85 623 307 86 624 304 84 625 303 84 626 304 84 627 307 86 628 308 86 629 309 87 630 310 87 631 305 85 632 306 85 633 305 85 634 310 87 635 311 88 636 308 86 637 307 86 638 308 86 639 311 88 640 312 88 641 313 27 642 314 27 643 315 27 644 316 27 645 315 27 646 314 27 647 317 26 648 318 26 649 319 26 650 318 26 651 317 26 652 320 26 653 321 59 654 322 59 655 323 59 656 324 59 657 323 59 658 322 59 659 325 60 660 326 60 661 327 60 662 326 60 663 325 60 664 328 60 665 329 89 666 330 90 667 331 91 668 332 91 669 331 91 670 330 90 671 333 92 672 334 93 673 335 93 674 334 93 675 333 92 676 336 94 677 331 91 678 332 91 679 337 95 680 338 95 681 337 95 682 332 91 683 335 93 684 339 96 685 340 96 686 339 96 687 335 93 688 334 93 689 337 95 690 338 95 691 341 97 692 342 97 693 341 97 694 338 95 695 340 96 696 343 98 697 344 98 698 343 98 699 340 96 700 339 96 701 341 97 702 342 97 703 345 99 704 346 99 705 345 99 706 342 97 707 344 98 708 347 100 709 348 100 710 347 100 711 344 98 712 343 98 713 345 99 714 346 99 715 349 101 716 350 101 717 349 101 718 346 99 719 348 100 720 351 102 721 352 102 722 351 102 723 348 100 724 347 100 725 349 101 726 350 101 727 127 26 728 128 26 729 127 26 730 350 101 731 352 102 732 130 27 733 129 27 734 130 27 735 352 102 736 351 102 737 246 57 738 247 57 739 353 103 740 354 103 741 353 103 742 247 57 743 249 58 744 355 104 745 356 104 746 355 104 747 249 58 748 248 58 749 353 103 750 354 103 751 357 105 752 358 105 753 357 105 754 354 103 755 356 104 756 359 106 757 360 106 758 359 106 759 356 104 760 355 104 761 361 107 762 362 108 763 363 107 764 364 108 765 363 107 766 362 108 767 365 109 768 366 110 769 367 109 770 366 110 771 365 109 772 368 110 773 369 111 774 361 107 775 370 111 776 363 107 777 370 111 778 361 107 779 368 110 780 371 112 781 366 110 782 371 112 783 368 110 784 372 112 785 373 113 786 369 111 787 374 113 788 370 111 789 374 113 790 369 111 791 372 112 792 375 114 793 371 112 794 375 114 795 372 112 796 376 114 797 377 115 798 373 113 799 378 115 800 374 113 801 378 115 802 373 113 803 376 114 804 379 116 805 375 114 806 379 116 807 376 114 808 380 116 809 381 117 810 377 115 811 382 117 812 378 115 813 382 117 814 377 115 815 380 116 816 383 118 817 379 116 818 383 118 819 380 116 820 384 118 821 385 119 822 381 117 823 386 119 824 382 117 825 386 119 826 381 117 827 384 118 828 387 120 829 383 118 830 387 120 831 384 118 832 388 120 833 389 121 834 385 119 835 390 121 836 386 119 837 390 121 838 385 119 839 388 120 840 391 122 841 387 120 842 391 122 843 388 120 844 392 122 845 393 123 846 389 121 847 394 123 848 390 121 849 394 123 850 389 121 851 392 122 852 395 124 853 391 122 854 395 124 855 392 122 856 396 124 857 397 125 858 393 123 859 398 125 860 394 123 861 398 125 862 393 123 863 396 124 864 399 126 865 395 124 866 399 126 867 396 124 868 400 126 869 401 127 870 397 125 871 402 127 872 398 125 873 402 127 874 397 125 875 400 126 876 403 128 877 399 126 878 403 128 879 400 126 880 404 128 881 405 129 882 401 127 883 406 129 884 402 127 885 406 129 886 401 127 887 404 128 888 407 130 889 403 128 890 407 130 891 404 128 892 408 130 893 409 131 894 405 129 895 410 131 896 406 129 897 410 131 898 405 129 899 408 130 900 411 132 901 407 130 902 411 132 903 408 130 904 412 132 905</p>
        </triangles>
      </mesh>
    </geometry>
  </library_geometries>
  <library_visual_scenes>
    <visual_scene id="Scene" name="Scene">
      <node id="SketchUp" name="SketchUp" type="NODE">
        <matrix sid="transform">0.0254 0 0 0 0 0.0254 0 0 0 0 0.0254 0 0 0 0 1</matrix>
        <node id="Last_Saved_SketchUp_View" name="Last_Saved_SketchUp_View" type="NODE">
          <matrix sid="transform">0 0 0 0 0 0 0 0 0 0 0 0 0 0 0 1</matrix>
        </node>
        <node id="group_0" name="group_0" type="NODE">
          <matrix sid="transform">-0.36 0 0 22.05719 0 1.57361e-8 -0.36 3.020568 0 0.36 1.57361e-8 0.08640838 0 0 0 1</matrix>
          <node id="group_1" name="group_1" type="NODE">
            <matrix sid="transform">0.9999999 -1.36256e-10 -4.3602e-9 163.9254 1.36256e-10 0.9999999 -7.10543e-15 3.89333e-8 4.3602e-9 7.10543e-15 0.9999999 1.90735e-6 0 0 0 1</matrix>
          </node>
          <node id="group_4" name="group_4" type="NODE">
            <matrix sid="transform">0.9999999 -1.36256e-10 -4.3602e-9 3.8147e-6 1.36256e-10 0.9999999 -7.10543e-15 -2.06713e-8 4.3602e-9 7.10543e-15 0.9999999 0 0 0 0 1</matrix>
            <node id="group_5" name="group_5" type="NODE">
              <matrix sid="transform">0.9999999 -1.36256e-10 -4.3602e-9 12.50001 1.36256e-10 0.9999999 -7.10543e-15 4.75 4.3602e-9 7.10543e-15 0.9999999 3.731644 0 0 0 1</matrix>
              <instance_geometry url="#ID79-mesh" name="group_5">
                <bind_material>
                  <technique_common>
                    <instance_material symbol="steel-security-door-exporter-material" target="#steel-security-door-exporter-material">
                      <bind_vertex_input semantic="ID79-mesh-map-0" input_semantic="TEXCOORD" input_set="0"/>
                    </instance_material>
                    <instance_material symbol="edge_color000255-material" target="#edge_color000255-material">
                      <bind_vertex_input semantic="ID79-mesh-map-0" input_semantic="TEXCOORD" input_set="0"/>
                    </instance_material>
                  </technique_common>
                </bind_material>
              </instance_geometry>
            </node>
            <node id="group_5_001" name="group_5_001" type="NODE">
              <matrix sid="transform">0.9999999 -1.36256e-10 -4.3602e-9 12.50001 1.36256e-10 0.9999999 -7.10543e-15 4.75 4.3602e-9 7.10543e-15 0.9999999 3.731644 0 0 0 1</matrix>
              <instance_geometry url="#ID87-mesh" name="group_5_001">
                <bind_material>
                  <technique_common>
                    <instance_material symbol="steel-security-door-exporter-material" target="#steel-security-door-exporter-material">
                      <bind_vertex_input semantic="ID87-mesh-map-0" input_semantic="TEXCOORD" input_set="0"/>
                    </instance_material>
                    <instance_material symbol="edge_color000255-material" target="#edge_color000255-material">
                      <bind_vertex_input semantic="ID87-mesh-map-0" input_semantic="TEXCOORD" input_set="0"/>
                    </instance_material>
                  </technique_common>
                </bind_material>
              </instance_geometry>
            </node>
            <node id="group_5_002" name="group_5_002" type="NODE">
              <matrix sid="transform">0.9999999 -1.36256e-10 -4.3602e-9 12.50001 1.36256e-10 0.9999999 -7.10543e-15 4.75 4.3602e-9 7.10543e-15 0.9999999 3.731644 0 0 0 1</matrix>
              <instance_geometry url="#ID95-mesh" name="group_5_002">
                <bind_material>
                  <technique_common>
                    <instance_material symbol="steel-security-door-exporter-material" target="#steel-security-door-exporter-material">
                      <bind_vertex_input semantic="ID95-mesh-map-0" input_semantic="TEXCOORD" input_set="0"/>
                    </instance_material>
                    <instance_material symbol="edge_color000255-material" target="#edge_color000255-material">
                      <bind_vertex_input semantic="ID95-mesh-map-0" input_semantic="TEXCOORD" input_set="0"/>
                    </instance_material>
                  </technique_common>
                </bind_material>
              </instance_geometry>
            </node>
            <node id="group_5_003" name="group_5_003" type="NODE">
              <matrix sid="transform">0.9999999 -1.36256e-10 -4.3602e-9 12.50001 1.36256e-10 0.9999999 -7.10543e-15 4.75 4.3602e-9 7.10543e-15 0.9999999 3.731644 0 0 0 1</matrix>
              <instance_geometry url="#ID103-mesh" name="group_5_003">
                <bind_material>
                  <technique_common>
                    <instance_material symbol="steel-security-door-exporter-material" target="#steel-security-door-exporter-material">
                      <bind_vertex_input semantic="ID103-mesh-map-0" input_semantic="TEXCOORD" input_set="0"/>
                    </instance_material>
                    <instance_material symbol="edge_color000255-material" target="#edge_color000255-material">
                      <bind_vertex_input semantic="ID103-mesh-map-0" input_semantic="TEXCOORD" input_set="0"/>
                    </instance_material>
                  </technique_common>
                </bind_material>
              </instance_geometry>
            </node>
            <node id="group_5_004" name="group_5_004" type="NODE">
              <matrix sid="transform">0.9999999 -1.36256e-10 -4.3602e-9 12.50001 1.36256e-10 0.9999999 -7.10543e-15 4.75 4.3602e-9 7.10543e-15 0.9999999 3.731644 0 0 0 1</matrix>
              <instance_geometry url="#ID111-mesh" name="group_5_004">
                <bind_material>
                  <technique_common>
                    <instance_material symbol="steel-security-door-exporter-material" target="#steel-security-door-exporter-material">
                      <bind_vertex_input semantic="ID111-mesh-map-0" input_semantic="TEXCOORD" input_set="0"/>
                    </instance_material>
                    <instance_material symbol="edge_color000255-material" target="#edge_color000255-material">
                      <bind_vertex_input semantic="ID111-mesh-map-0" input_semantic="TEXCOORD" input_set="0"/>
                    </instance_material>
                  </technique_common>
                </bind_material>
              </instance_geometry>
            </node>
            <node id="group_5_005" name="group_5_005" type="NODE">
              <matrix sid="transform">0.9999999 -1.36256e-10 -4.3602e-9 12.50001 1.36256e-10 0.9999999 -7.10543e-15 4.75 4.3602e-9 7.10543e-15 0.9999999 3.731644 0 0 0 1</matrix>
              <instance_geometry url="#ID119-mesh" name="group_5_005">
                <bind_material>
                  <technique_common>
                    <instance_material symbol="steel-security-door-exporter-material" target="#steel-security-door-exporter-material">
                      <bind_vertex_input semantic="ID119-mesh-map-0" input_semantic="TEXCOORD" input_set="0"/>
                    </instance_material>
                    <instance_material symbol="edge_color000255-material" target="#edge_color000255-material">
                      <bind_vertex_input semantic="ID119-mesh-map-0" input_semantic="TEXCOORD" input_set="0"/>
                    </instance_material>
                  </technique_common>
                </bind_material>
              </instance_geometry>
            </node>
            <node id="group_5_006" name="group_5_006" type="NODE">
              <matrix sid="transform">0.9999999 -1.36256e-10 -4.3602e-9 12.50001 1.36256e-10 0.9999999 -7.10543e-15 4.75 4.3602e-9 7.10543e-15 0.9999999 3.731644 0 0 0 1</matrix>
              <instance_geometry url="#ID127-mesh" name="group_5_006">
                <bind_material>
                  <technique_common>
                    <instance_material symbol="steel-security-door-exporter-material" target="#steel-security-door-exporter-material">
                      <bind_vertex_input semantic="ID127-mesh-map-0" input_semantic="TEXCOORD" input_set="0"/>
                    </instance_material>
                    <instance_material symbol="edge_color000255-material" target="#edge_color000255-material">
                      <bind_vertex_input semantic="ID127-mesh-map-0" input_semantic="TEXCOORD" input_set="0"/>
                    </instance_material>
                  </technique_common>
                </bind_material>
              </instance_geometry>
            </node>
            <node id="group_6" name="group_6" type="NODE">
              <matrix sid="transform">0.9999999 -1.36256e-10 -4.3602e-9 3.8147e-6 1.36256e-10 0.9999999 -7.10543e-15 -1.23229e-8 4.3602e-9 7.10543e-15 0.9999999 0 0 0 0 1</matrix>
              <instance_geometry url="#ID136-mesh" name="group_6">
                <bind_material>
                  <technique_common>
                    <instance_material symbol="steel-security-door-exporter-material" target="#steel-security-door-exporter-material">
                      <bind_vertex_input semantic="ID136-mesh-map-0" input_semantic="TEXCOORD" input_set="0"/>
                    </instance_material>
                    <instance_material symbol="edge_color000255-material" target="#edge_color000255-material">
                      <bind_vertex_input semantic="ID136-mesh-map-0" input_semantic="TEXCOORD" input_set="0"/>
                    </instance_material>
                  </technique_common>
                </bind_material>
              </instance_geometry>
            </node>
          </node>
        </node>
      </node>
      <node id="Camera_001" name="Camera.001" type="NODE">
        <matrix sid="transform">0.6858805 -0.3173701 0.6548619 7.481132 0.7276338 0.3124686 -0.6106656 -6.50764 -0.01081678 0.8953432 0.4452454 5.343665 0 0 0 1</matrix>
        <instance_camera url="#Camera_001-camera"/>
      </node>
      <node id="Camera" name="Camera" type="NODE">
        <matrix sid="transform">0.6859207 -0.3240135 0.6515582 7.358891 0.7276763 0.3054208 -0.6141704 -6.925791 0 0.8953956 0.4452714 4.958309 0 0 0 1</matrix>
        <instance_camera url="#Camera-camera"/>
      </node>
      <node id="Light" name="Light" type="NODE">
        <matrix sid="transform">-0.2908646 -0.7711008 0.5663932 4.076245 0.9551712 -0.1998834 0.2183912 1.005454 -0.05518906 0.6045247 0.7946723 5.903862 0 0 0 1</matrix>
        <instance_light url="#Light-light"/>
      </node>
    </visual_scene>
  </library_visual_scenes>
  <scene>
    <instance_visual_scene url="#Scene"/>
  </scene>
</COLLADA>